CÓLERA,A00
FEBRES TIFÓIDE E PARATIFÓIDE,A01
OUTRAS INFECÇÕES POR SALMONELLA,A02
SHIGUELOSE,A03
OUTRAS INFECÇÕES INTESTINAIS BACTERIANAS,A04
"OUTRAS INTOXICAÇÕES ALIMENTARES BACTERIANAS, NÃO CLASSIFICADAS EM OUTRA PARTE",A05
AMEBÍASE,A06
OUTRAS DOENÇAS INTESTINAIS POR PROTOZOÁRIOS,A07
"INFECÇÕES INTESTINAIS VIRAIS, OUTRAS E AS NÃO ESPECIFICADAS",A08
DIARRÉIA E GASTROENTERITE DE ORIGEM INFECCIOSA PRESUMÍVEL,A09
"TUBERCULOSE RESPIRATÓRIA, COM CONFIRMAÇÃO BACTERIOLÓGICA E HISTOLÓGICA",A15
"TUBERCULOSE DAS VIAS RESPIRATÓRIAS, SEM CONFIRMAÇÃO BACTERIOLÓGICA OU HISTOLÓGICA",A16
TUBERCULOSE DO SISTEMA NERVOSO,A17
TUBERCULOSE DE OUTROS ÓRGÃOS,A18
TUBERCULOSE MILIAR,A19
PESTE,A20
TULAREMIA,A21
CARBÚNCULO,A22
BRUCELOSE,A23
MORMO E MELIOIDOSE,A24
FEBRES TRANSMITIDAS POR MORDEDURA DE RATO,A25
ERISIPELÓIDE,A26
LEPTOSPIROSE,A27
OUTRAS DOENÇAS BACTERIANAS ZOONÓTICAS NÃO CLASSIFICADAS EM OUTRA PARTE,A28
HANSENÍASE [DOENÇA DE HANSEN] [LEPRA],A30
INFECÇÕES DEVIDAS A OUTRAS MICOBACTÉRIAS,A31
LISTERIOSE [LISTERÍASE],A32
TÉTANO DO RECÉM-NASCIDO [NEONATAL],A33
TÉTANO OBSTÉTRICO,A34
OUTROS TIPOS DE TÉTANO,A35
DIFTERIA,A36
COQUELUCHE,A37
ESCARLATINA,A38
INFECÇÃO MENINGOGÓCICA,A39
SEPTICEMIA ESTREPTOCÓCICA,A40
OUTRAS SEPTICEMIAS,A41
ACTINOMICOSE,A42
NOCARDIOSE,A43
BARTONELOSE,A44
ERISIPELA,A46
OUTRAS DOENÇAS BACTERIANAS NÃO CLASSIFICADAS EM OUTRA PARTE,A48
INFECÇÃO BACTERIANA DE LOCALIZAÇÃO NÃO ESPECIFICADA,A49
SÍFILIS CONGÊNITA,A50
SÍFILIS PRECOCE,A51
SÍFILIS TARDIA,A52
OUTRAS FORMAS E AS NÃO ESPECIFICADAS DA SÍFILIS,A53
INFECÇÃO GONOCÓCICA,A54
LINFOGRANULOMA (VENÉREO) POR CLAMÍDIA,A55
OUTRAS INFECÇÕES CAUSADAS POR CLAMÍDIAS TRANSMITIDAS POR VIA SEXUAL,A56
CANCRO MOLE,A57
GRANULOMA INGUINAL,A58
TRICOMONÍASE,A59
INFECÇÕES ANOGENITAIS PELO VÍRUS DO HERPES [HERPES SIMPLES],A60
"OUTRAS DOENÇAS DE TRANSMISSÃO PREDOMINANTEMENTE SEXUAL, NÃO CLASSIFICADAS EM OUTRA PARTE",A63
"DOENÇAS SEXUALMENTE TRANSMITIDAS, NÃO ESPECIFICADAS",A64
SÍFILIS NÃO-VENÉREA,A65
BOUBA,A66
PINTA [CARATE],A67
FEBRES RECORRENTES [BORRELIOSES],A68
OUTRAS INFECÇÕES POR ESPIROQUETAS,A69
INFECÇÕES CAUSADAS POR CLAMÍDIA PSITTACI,A70
TRACOMA,A71
OUTRAS DOENÇAS CAUSADAS POR CLAMÍDIAS,A74
TIFO EXANTEMÁTICO,A75
FEBRE MACULOSA [RICKETTSIOSES TRANSMITIDAS POR CARRAPATOS],A77
FEBRE Q,A78
OUTRAS RICKETTSIOSES,A79
POLIOMIELITE AGUDA,A80
INFECÇÕES POR VÍRUS ATÍPICOS DO SISTEMA NERVOSO CENTRAL,A81
RAIVA,A82
ENCEFALITE POR VÍRUS TRANSMITIDOS POR MOSQUITOS,A83
ENCEFALITE POR VÍRUS TRANSMITIDO POR CARRAPATOS,A84
"OUTRAS ENCEFALITES VIRAIS, NÃO CLASSIFICADAS EM OUTRA PARTE",A85
"ENCEFALITE VIRAL, NÃO ESPECIFICADA",A86
MENINGITE VIRAL,A87
OUTRAS INFECÇÕES VIRAIS DO SISTEMA NERVOSO CENTRAL NÃO CLASSIFICADAS EM OUTRA PARTE,A88
INFECÇÕES VIRAIS NÃO ESPECIFICADAS DO SISTEMA NERVOSO CENTRAL,A89
DENGUE [DENGUE CLÁSSICO],A90
FEBRE HEMORRÁGICA DEVIDA AO VÍRUS DO DENGUE,A91
OUTRAS FEBRES VIRAIS TRANSMITIDAS POR MOSQUITOS,A92
OUTRAS FEBRES POR VÍRUS TRANSMITIDAS POR ARTRÓPODES NÃO CLASSIFICADAS EM OUTRA PARTE,A93
"FEBRE VIRAL TRANSMITIDA POR ARTRÓPODES, NÃO ESPECIFICADA",A94
FEBRE AMARELA,A95
FEBRE HEMORRÁGICA POR ARENAVÍRUS,A96
"OUTRAS FEBRES HEMORRÁGICAS POR VÍRUS, NÃO CLASSIFICADAS EM OUTRA PARTE",A98
FEBRES HEMORRÁGICAS VIRAIS NÃO ESPECIFICADAS,A99
INFECÇÕES PELO VÍRUS DO HERPES [HERPES SIMPLES],B00
VARICELA [CATAPORA],B01
HERPES ZOSTER [ZONA],B02
VARÍOLA,B03
VARÍOLA DOS MACACOS [MONKEYPOX],B04
SARAMPO,B05
RUBÉOLA,B06
VERRUGAS DE ORIGEM VIRAL,B07
"OUTRAS INFECÇÕES VIRAIS CARACTERIZADAS POR LESÕES DA PELE E DAS MEMBRANAS MUCOSAS, NÃO CLASSIFICADAS EM OUTRA PARTE",B08
INFECÇÃO VIRAL NÃO ESPECIFICADA CARACTERIZADA POR LESÕES DA PELE E MEMBRANAS MUCOSAS,B09
HEPATITE AGUDA A,B15
HEPATITE AGUDA B,B16
OUTRAS HEPATITES VIRAIS AGUDAS,B17
HEPATITE VIRAL CRÔNICA,B18
HEPATITE VIRAL NÃO ESPECIFICADA,B19
"DOENÇA PELO VÍRUS DA IMUNODEFICIÊNCIA HUMANA [HIV], RESULTANDO EM DOENÇAS INFECCIOSAS E PARASITÁRIAS",B20
"DOENÇA PELO VÍRUS DA IMUNODEFICIÊNCIA HUMANA [HIV], RESULTANDO EM NEOPLASIAS MALIGNAS",B21
DOENÇA PELO VÍRUS DA IMUNODEFICIÊNCIA HUMANA [HIV] RESULTANDO EM OUTRAS DOENÇAS ESPECIFICADAS,B22
DOENÇA PELO VÍRUS DA IMUNODEFICIÊNCIA HUMANA [HIV] RESULTANDO EM OUTRAS DOENÇAS,B23
DOENÇA PELO VÍRUS DA IMUNODEFICIÊNCIA HUMANA [HIV] NÃO ESPECIFICADA,B24
DOENÇA POR CITOMEGALOVÍRUS,B25
CAXUMBA [PAROTIDITE EPIDÊMICA],B26
MONONUCLEOSE INFECCIOSA,B27
CONJUNTIVITE VIRAL,B30
OUTRAS DOENÇAS POR VÍRUS NÃO CLASSIFICADA EM OUTRA PARTE,B33
"DOENÇAS POR VÍRUS, DE LOCALIZAÇÃO NÃO ESPECIFICADA",B34
DERMATOFITOSE,B35
OUTRAS MICOSES SUPERFICIAIS,B36
CANDIDÍASE,B37
COCCIDIOIDOMICOSE,B38
HISTOPLASMOSE,B39
BLASTOMICOSE,B40
PARACOCCIDIOIDOMICOSE,B41
ESPOROTRICOSE,B42
CROMOMICOSE E ABSCESSO FEOMICÓTICO,B43
ASPERGILOSE,B44
CRIPTOCOCOSE,B45
ZIGOMICOSE,B46
MICETOMA,B47
"OUTRAS MICOSES, NÃO CLASSIFICADAS EM OUTRA PARTE",B48
MICOSE NÃO ESPECIFICADA,B49
MALÁRIA POR PLASMODIUM FALCIPARUM,B50
MALÁRIA POR PLASMODIUM VIVAX,B51
MALÁRIA POR PLASMODIUM MALARIAE,B52
OUTRAS FORMAS DE MALÁRIA CONFIRMADAS POR EXAMES PARASITOLÓGICOS,B53
MALÁRIA NÃO ESPECIFICADA,B54
LEISHMANIOSE,B55
TRIPANOSSOMÍASE AFRICANA,B56
DOENÇA DE CHAGAS,B57
TOXOPLASMOSE,B58
PNEUMOCISTOSE,B59
"OUTRAS DOENÇAS DEVIDAS A PROTOZOÁRIOS, NÃO CLASSIFICADAS EM OUTRA PARTE",B60
DOENÇA NÃO ESPECIFICADA DEVIDA A PROTOZOÁRIOS,B64
ESQUISTOSSOMOSE [BILHARZIOSE] [SCHISTOSOMÍASE],B65
OUTRAS INFESTAÇÕES POR TREMATÓDEOS,B66
EQUINOCOCOSE,B67
INFESTAÇÃO POR TAENIA,B68
CISTICERCOSE,B69
DIFILOBOTRÍASE E ESPARGANOSE,B70
OUTRAS INFESTAÇÕES POR CESTÓIDES,B71
DRACONTÍASE,B72
ONCOCERCOSE,B73
FILARIOSE,B74
TRIQUINOSE,B75
ANCILOSTOMÍASE,B76
ASCARIDÍASE,B77
ESTRONGILOIDÍASE,B78
TRICURÍASE,B79
OXIURÍASE,B80
"OUTRAS HELMINTÍASES INTESTINAIS, NÃO CLASSIFICADAS EM OUTRA PARTE",B81
PARASITOSE INTESTINAL NÃO ESPECIFICADA,B82
OUTRAS HELMINTÍASES,B83
PEDICULOSE E FTIRÍASE,B85
ESCABIOSE [SARNA],B86
MIÍASE,B87
OUTRAS INFESTAÇÕES,B88
DOENÇA PARASITÁRIA NÃO ESPECIFICADA,B89
SEQÜELAS DE TUBERCULOSE,B90
SEQÜELAS DE POLIOMIELITE,B91
SEQÜELAS DE HANSENÍASE [LEPRA],B92
SEQÜELAS DE OUTRAS DOENÇAS INFECCIOSAS E PARASITÁRIAS E DAS NÃO ESPECIFICADAS,B94
ESTREPTOCOCOS E ESTAFILOCOCOS COMO CAUSA DE DOENÇAS CLASSIFICADAS EM OUTROS CAPÍTULOS,B95
"OUTROS AGENTES BACTERIANOS, COMO CAUSA DE DOENÇAS CLASSIFICADAS EM OUTROS CAPÍTULOS",B96
VÍRUS COMO CAUSA DE DOENÇAS CLASSIFICADAS EM OUTROS CAPÍTULOS,B97
"DOENÇAS INFECCIOSAS, OUTRAS E AS NÃO ESPECIFICADAS",B99
NEOPLASIA MALIGNA DO LÁBIO,C00
NEOPLASIA MALIGNA DA BASE DA LÍNGUA,C01
NEOPLASIA MALIGNA DE OUTRAS PARTES E DE PARTES NÃO ESPECIFICADAS DA LÍNGUA,C02
NEOPLASIA MALIGNA DA GENGIVA,C03
NEOPLASIA MALIGNA DO ASSOALHO DA BOCA,C04
NEOPLASIA MALIGNA DO PALATO,C05
NEOPLASIA MALIGNA DE OUTRAS PARTES E DE PARTES NÃO ESPECIFICADAS DA BOCA,C06
NEOPLASIA MALIGNA DA GLÂNDULA PARÓTIDA,C07
NEOPLASIA MALIGNA DE OUTRAS GLÂNDULAS SALIVARES MAIORES E AS NÃO ESPECIFICADAS,C08
NEOPLASIA MALIGNA DA AMÍGDALA,C09
NEOPLASIA MALIGNA DA OROFARINGE,C10
NEOPLASIA MALIGNA DA NASOFARINGE,C11
NEOPLASIA MALIGNA DO SEIO PIRIFORME,C12
NEOPLASIA MALIGNA DA HIPOFARINGE,C13
"NEOPLASIA MALIGNA DE OUTRAS LOCALIZAÇÕES E DE LOCALIZAÇÕES MAL DEFINIDA, DO LÁBIO, CAVIDADE ORAL E FARINGE",C14
NEOPLASIA MALIGNA DO ESÔFAGO,C15
NEOPLASIA MALIGNA DO ESTÔMAGO,C16
NEOPLASIA MALIGNA DO INTESTINO DELGADO,C17
NEOPLASIA MALIGNA DO CÓLON,C18
NEOPLASIA MALIGNA DA JUNÇÃO RETOSSIGMÓIDE,C19
NEOPLASIA MALIGNA DO RETO,C20
NEOPLASIA MALIGNA DO ÂNUS E DO CANAL ANAL,C21
NEOPLASIA MALIGNA DO FÍGADO E DAS VIAS BILIARES INTRA-HEPÁTICAS,C22
NEOPLASIA MALIGNA DA VESÍCULA BILIAR,C23
"NEOPLASIA MALIGNA DE OUTRAS PARTES, E DE PARTES NÃO ESPECIFICADAS DAS VIAS BILIARES",C24
NEOPLASIA MALIGNA DO PÂNCREAS,C25
NEOPLASIA MALIGNA DE OUTROS ÓRGÃOS DIGESTIVOS E DE LOCALIZAÇÕES MAL DEFINIDAS NO APARELHO DIGESTIVO,C26
NEOPLASIA MALIGNA DA CAVIDADE NASAL E DO OUVIDO MÉDIO,C30
NEOPLASIA MALIGNA DOS SEIOS DA FACE,C31
NEOPLASIA MALIGNA DA LARINGE,C32
NEOPLASIA MALIGNA DA TRAQUÉIA,C33
NEOPLASIA MALIGNA DOS BRÔNQUIOS E DOS PULMÕES,C34
NEOPLASIA MALIGNA DO TIMO,C37
"NEOPLASIA MALIGNA DO CORAÇÃO, MEDIASTINO E PLEURA",C38
NEOPLASIA MALIGNA DE OUTRAS LOCALIZAÇÕES E DE LOCALIZAÇÕES MAL DEFINIDAS DO APARELHO RESPIRATÓRIO E DOS ÓRGÃOS INTRATORÁCICOS,C39
NEOPLASIA MALIGNA DOS OSSOS E CARTILAGENS ARTICULARES DOS MEMBROS,C40
NEOPLASIA MALIGNA DOS OSSOS E DAS CARTILAGENS ARTICULARES DE OUTRAS LOCALIZAÇÕES E DE LOCALIZAÇÕES NÃO ESPECIFICADAS,C41
MELANOMA MALIGNO DA PELE,C43
OUTRAS NEOPLASIAS MALIGNAS DA PELE,C44
MESOTELIOMA,C45
SARCOMA DE KAPOSI,C46
NEOPLASIA MALIGNA DOS NERVOS PERIFÉRICOS E DO SISTEMA NERVOSO AUTÔNOMO,C47
NEOPLASIA MALIGNA DOS TECIDOS MOLES DO RETROPERITÔNIO E DO PERITÔNIO,C48
NEOPLASIA MALIGNA DO TECIDO CONJUNTIVO E DE OUTROS TECIDOS MOLES,C49
NEOPLASIA MALIGNA DA MAMA,C50
NEOPLASIA MALIGNA DA VULVA,C51
NEOPLASIA MALIGNA DA VAGINA,C52
NEOPLASIA MALIGNA DO COLO DO ÚTERO,C53
NEOPLASIA MALIGNA DO CORPO DO ÚTERO,C54
"NEOPLASIA MALIGNA DO ÚTERO, PORÇÃO NÃO ESPECIFICADA",C55
NEOPLASIA MALIGNA DO OVÁRIO,C56
NEOPLASIA MALIGNA DE OUTROS ÓRGÃOS GENITAIS FEMININOS E DOS NÃO ESPECIFICADOS,C57
NEOPLASIA MALIGNA DA PLACENTA,C58
NEOPLASIA MALIGNA DO PÊNIS,C60
NEOPLASIA MALIGNA DA PRÓSTATA,C61
NEOPLASIA MALIGNA DOS TESTÍCULOS,C62
NEOPLASIA MALIGNA DE OUTROS ÓRGÃOS GENITAIS MASCULINOS E DOS NÃO ESPECIFICADOS,C63
"NEOPLASIA MALIGNA DO RIM, EXCETO PELVE RENAL",C64
NEOPLASIA MALIGNA DA PELVE RENAL,C65
NEOPLASIA MALIGNA DOS URETERES,C66
NEOPLASIA MALIGNA DA BEXIGA,C67
NEOPLASIA MALIGNA DE OUTROS ÓRGÃOS URINÁRIOS E DOS NÃO ESPECIFICADOS,C68
NEOPLASIA MALIGNA DO OLHO E ANEXOS,C69
NEOPLASIA MALIGNA DAS MENINGES,C70
NEOPLASIA MALIGNA DO ENCÉFALO,C71
"NEOPLASIA MALIGNA DA MEDULA ESPINHAL, DOS NERVOS CRANIANOS E DE OUTRAS PARTES DO SISTEMA NERVOSO CENTRAL",C72
NEOPLASIA MALIGNA DA GLÂNDULA TIREÓIDE,C73
NEOPLASIA MALIGNA DA GLÂNDULA SUPRA-RENAL [GLÂNDULA ADRENAL],C74
NEOPLASIA MALIGNA DE OUTRAS GLÂNDULAS ENDÓCRINAS E DE ESTRUTURAS RELACIONADAS,C75
NEOPLASIA MALIGNA DE OUTRAS LOCALIZAÇÕES E DE LOCALIZAÇÕES MAL DEFINIDAS,C76
NEOPLASIA MALIGNA SECUNDÁRIA E NÃO ESPECIFICADA DOS GÂNGLIOS LINFÁTICOS,C77
NEOPLASIA MALIGNA SECUNDÁRIA DOS ÓRGÃOS RESPIRATÓRIOS E DIGESTIVOS,C78
NEOPLASIA MALIGNA SECUNDÁRIA DE OUTRAS LOCALIZAÇÕES,C79
"NEOPLASIA MALIGNA, SEM ESPECIFICAÇÃO DE LOCALIZAÇÃO",C80
DOENÇA DE HODGKIN,C81
"LINFOMA NÃO-HODGKIN, FOLICULAR (NODULAR)",C82
LINFOMA NÃO-HODGKIN DIFUSO,C83
LINFOMAS DE CÉLULAS T CUTÂNEAS E PERIFÉRICAS,C84
LINFOMA NÃO-HODGKIN DE OUTROS TIPOS E DE TIPO NÃO ESPECIFICADO,C85
DOENÇAS IMUNOPROLIFERATIVAS MALIGNAS,C88
MIELOMA MÚLTIPLO E NEOPLASIAS MALIGNAS DE PLASMÓCITOS,C90
LEUCEMIA LINFÓIDE,C91
LEUCEMIA MIELÓIDE,C92
LEUCEMIA MONOCÍTICA,C93
OUTRAS LEUCEMIAS DE CÉLULAS DE TIPO ESPECIFICADO,C94
LEUCEMIA DE TIPO CELULAR NÃO ESPECIFICADO,C95
"OUTRAS NEOPLASIAS MALIGNAS E AS NÃO ESPECIFICADAS DOS TECIDOS LINFÁTICO, HEMATOPOÉTICO E TECIDOS CORRELATOS",C96
NEOPLASIAS MALIGNAS DE LOCALIZAÇÕES MÚLTIPLAS INDEPENDENTES (PRIMÁRIAS),C97
"CARCINOMA IN SITU DA CAVIDADE ORAL, DO ESÔFAGO E DO ESTÔMAGO",D00
CARCINOMA IN SITU DE OUTROS ÓRGÃOS DIGESTIVOS,D01
CARCINOMA IN SITU DO OUVIDO MÉDIO E DO APARELHO RESPIRATÓRIO,D02
MELANOMA IN SITU,D03
CARCINOMA IN SITU DA PELE,D04
CARCINOMA IN SITU DA MAMA,D05
CARCINOMA IN SITU DO COLO DO ÚTERO (CÉRVIX),D06
CARCINOMA IN SITU DE OUTROS ÓRGÃOS GENITAIS E DOS NÃO ESPECIFICADOS,D07
CARCINOMA IN SITU DE OUTRAS LOCALIZAÇÕES E DAS NÃO ESPECIFICADAS,D09
NEOPLASIA BENIGNA DA BOCA E DA FARINGE,D10
NEOPLASIA BENIGNA DE GLÂNDULAS SALIVARES MAIORES,D11
"NEOPLASIA BENIGNA DO CÓLON, RETO, CANAL ANAL E ÂNUS",D12
NEOPLASIA BENIGNA DE OUTRAS PARTES E DE PARTES MAL DEFINIDAS DO APARELHO DIGESTIVO,D13
NEOPLASIA BENIGNA DO OUVIDO MÉDIO E DO APARELHO RESPIRATÓRIO,D14
NEOPLASIA BENIGNA DE OUTROS ÓRGÃOS INTRATORÁCICOS E DOS NÃO ESPECIFICADOS,D15
NEOPLASIA BENIGNA DE OSSO E DE CARTILAGEM ARTICULAR,D16
NEOPLASIA LIPOMATOSA BENIGNA,D17
HEMANGIOMA E LINFANGIOMA DE QUALQUER LOCALIZAÇÃO,D18
NEOPLASIA BENIGNA DE TECIDO MESOTELIAL,D19
NEOPLASIA BENIGNA DE TECIDO MOLE DO RETROPERITÔNIO E DO PERITÔNIO,D20
OUTRAS NEOPLASIAS BENIGNAS DO TECIDO CONJUNTIVO E DE OUTROS TECIDOS MOLES,D21
NEVOS MELANOCÍTICOS,D22
OUTRAS NEOPLASIAS BENIGNAS DA PELE,D23
NEOPLASIA BENIGNA DA MAMA,D24
LEIOMIOMA DO ÚTERO,D25
OUTRAS NEOPLASIAS BENIGNAS DO ÚTERO,D26
NEOPLASIA BENIGNA DO OVÁRIO,D27
NEOPLASIA BENIGNA DE OUTROS ÓRGÃOS GENITAIS FEMININOS E DE ÓRGÃOS NÃO ESPECIFICADOS,D28
NEOPLASIA BENIGNA DOS ÓRGÃOS GENITAIS MASCULINOS,D29
NEOPLASIA BENIGNA DOS ÓRGÃOS URINÁRIOS,D30
NEOPLASIA BENIGNA DO OLHO E ANEXOS,D31
NEOPLASIA BENIGNA DAS MENINGES,D32
NEOPLASIA BENIGNA DO ENCÉFALO E DE OUTRAS PARTES DO SISTEMA NERVOSO CENTRAL,D33
NEOPLASIA BENIGNA DA GLÂNDULA TIREÓIDE,D34
NEOPLASIA BENIGNA DE OUTRAS GLÂNDULAS ENDÓCRINAS E DAS NÃO ESPECIFICADAS,D35
NEOPLASIA BENIGNA DE OUTRAS LOCALIZAÇÕES E DE LOCALIZAÇÕES NÃO ESPECIFICADAS,D36
NEOPLASIA DE COMPORTAMENTO INCERTO OU DESCONHECIDO DA CAVIDADE ORAL E DOS ÓRGÃOS DIGESTIVOS,D37
NEOPLASIA DE COMPORTAMENTO INCERTO OU DESCONHECIDO DO OUVIDO MÉDIO E DOS ÓRGÃOS RESPIRATÓRIOS E INTRATORÁCICOS,D38
NEOPLASIA DE COMPORTAMENTO INCERTO OU DESCONHECIDO DOS ÓRGÃOS GENITAIS FEMININOS,D39
NEOPLASIA DE COMPORTAMENTO INCERTO OU DESCONHECIDO DOS ÓRGÃOS GENITAIS MASCULINOS,D40
NEOPLASIA DE COMPORTAMENTO INCERTO OU DESCONHECIDO DOS ÓRGÃOS URINÁRIOS,D41
NEOPLASIA DE COMPORTAMENTO INCERTO OU DESCONHECIDO DAS MENINGES,D42
NEOPLASIA DE COMPORTAMENTO INCERTO OU DESCONHECIDO DO ENCÉFALO E DO SISTEMA NERVOSO CENTRAL,D43
NEOPLASIA DE COMPORTAMENTO INCERTO OU DESCONHECIDO DAS GLÂNDULAS ENDÓCRINAS,D44
POLICITEMIA VERA,D45
SÍNDROMES MIELODISPLÁSICAS,D46
"OUTRAS NEOPLASIAS DE COMPORTAMENTO INCERTO OU DESCONHECIDO DOS TECIDOS LINFÁTICO, HEMATOPOÉTICO E TECIDOS CORRELATOS",D47
NEOPLASIA DE COMPORTAMENTO INCERTO OU DESCONHECIDO DE OUTRAS LOCALIZAÇÕES E DE LOCALIZAÇÕES NÃO ESPECIFICADAS,D48
ANEMIA POR DEFICIÊNCIA DE FERRO,D50
ANEMIA POR DEFICIÊNCIA DE VITAMINA B12,D51
ANEMIA POR DEFICIÊNCIA DE FOLATO,D52
OUTRAS ANEMIAS NUTRICIONAIS,D53
ANEMIA DEVIDA A TRANSTORNOS ENZIMÁTICOS,D55
TALASSEMIA,D56
TRANSTORNOS FALCIFORMES,D57
OUTRAS ANEMIAS HEMOLÍTICAS HEREDITÁRIAS,D58
ANEMIA HEMOLÍTICA ADQUIRIDA,D59
"APLASIA PURA DA SÉRIE VERMELHA, ADQUIRIDA [ERITROBLASTOPENIA]",D60
OUTRAS ANEMIAS APLÁSTICAS,D61
ANEMIA AGUDA PÓS-HEMORRÁGICA,D62
ANEMIA EM DOENÇAS CRÔNICAS CLASSIFICADAS EM OUTRA PARTE,D63
OUTRAS ANEMIAS,D64
COAGULAÇÃO INTRAVASCULAR DISSEMINADA [SÍNDROME DE DESFIBRINAÇÃO],D65
DEFICIÊNCIA HEREDITÁRIA DO FATOR VIII,D66
DEFICIÊNCIA HEREDITÁRIA DO FATOR IX,D67
OUTROS DEFEITOS DA COAGULAÇÃO,D68
PÚRPURA E OUTRAS AFECÇÕES HEMORRÁGICAS,D69
AGRANULOCITOSE,D70
TRANSTORNOS FUNCIONAIS DOS NEUTRÓFILOS POLIMORFONUCLEARES,D71
OUTROS TRANSTORNOS DOS GLÓBULOS BRANCOS,D72
DOENÇAS DO BAÇO,D73
METEMOGLOBINEMIA,D74
OUTRAS DOENÇAS DO SANGUE E DOS ÓRGÃOS HEMATOPOÉTICOS,D75
ALGUMAS DOENÇAS QUE ENVOLVEM O TECIDO LINFORRETICULAR E O SISTEMA RETICULOHISTIOCÍTICO,D76
OUTROS TRANSTORNOS DO SANGUE E DOS ÓRGÃOS HEMATOPOÉTICOS EM DOENÇAS CLASSIFICADAS EM OUTRA PARTE,D77
IMUNODEFICIÊNCIA COM PREDOMINÂNCIA DE DEFEITOS DE ANTICORPOS,D80
DEFICIÊNCIAS IMUNITÁRIAS COMBINADAS,D81
"IMUNODEFICIÊNCIA ASSOCIADA COM OUTROS DEFEITOS ""MAJOR""",D82
IMUNODEFICIÊNCIA COMUM VARIÁVEL,D83
OUTRAS IMUNODEFICIÊNCIAS,D84
SARCOIDOSE,D86
OUTROS TRANSTORNOS QUE COMPROMETEM O MECANISMO IMUNITÁRIO NÃO CLASSIFICADOS EM OUTRA PARTE,D89
SÍNDROME DE DEFICIÊNCIA CONGÊNITA DE IODO,E00
"TRANSTORNOS TIREOIDIANOS E AFECÇÕES ASSOCIADAS, RELACIONADOS À DEFICIÊNCIA DE IODO",E01
HIPOTIREOIDISMO SUBCLÍNICO POR DEFICIÊNCIA DE IODO,E02
OUTROS HIPOTIREOIDISMOS,E03
OUTROS BÓCIOS NÃO-TÓXICOS,E04
TIREOTOXICOSE [HIPERTIREOIDISMO],E05
TIREOIDITE,E06
OUTROS TRANSTORNOS DA TIREÓIDE,E07
DIABETES MELLITUS INSULINO-DEPENDENTE,E10
DIABETES MELLITUS NÃO-INSULINO-DEPENDENTE,E11
DIABETES MELLITUS RELACIONADO COM A DESNUTRIÇÃO,E12
OUTROS TIPOS ESPECIFICADOS DE DIABETES MELLITUS,E13
DIABETES MELLITUS NÃO ESPECIFICADO,E14
COMA HIPOGLICÊMICO NÃO-DIABÉTICO,E15
OUTROS TRANSTORNOS DA SECREÇÃO PANCREÁTICA INTERNA,E16
HIPOPARATIREOIDISMO,E20
HIPERPARATIREOIDISMO E OUTROS TRANSTORNOS DA GLÂNDULA PARATIREÓIDE,E21
HIPERFUNÇÃO DA HIPÓFISE,E22
HIPOFUNÇÃO E OUTROS TRANSTORNOS DA HIPÓFISE,E23
SÍNDROME DE CUSHING,E24
TRANSTORNOS ADRENOGENITAIS,E25
HIPERALDOSTERONISMO,E26
OUTROS TRANSTORNOS DA GLÂNDULA SUPRA-RENAL,E27
DISFUNÇÃO OVARIANA,E28
DISFUNÇÃO TESTICULAR,E29
TRANSTORNOS DA PUBERDADE NÃO CLASSIFICADOS EM OUTRA PARTE,E30
DISFUNÇÃO POLIGLANDULAR,E31
DOENÇAS DO TIMO,E32
OUTROS TRANSTORNOS ENDÓCRINOS,E34
TRANSTORNOS DAS GLÂNDULAS ENDÓCRINAS EM DOENÇAS CLASSIFICADAS EM OUTRA PARTE,E35
KWASHIORKOR,E40
MARASMO NUTRICIONAL,E41
KWASHIORKOR MARASMÁTICO,E42
DESNUTRIÇÃO PROTÉICO-CALÓRICA GRAVE NÃO ESPECIFICADA,E43
DESNUTRIÇÃO PROTÉICO-CALÓRICA DE GRAUS MODERADO E LEVE,E44
ATRASO DO DESENVOLVIMENTO DEVIDO À DESNUTRIÇÃO PROTÉICO-CALÓRICA,E45
DESNUTRIÇÃO PROTÉICO-CALÓRICA NÃO ESPECIFICADA,E46
DEFICIÊNCIA DE VITAMINA A,E50
DEFICIÊNCIA DE TIAMINA,E51
DEFICIÊNCIA DE NIACINA [PELAGRA],E52
DEFICIÊNCIA DE OUTRAS VITAMINAS DO GRUPO B,E53
DEFICIÊNCIA DE ÁCIDO ASCÓRBICO,E54
DEFICIÊNCIA DE VITAMINA D,E55
OUTRAS DEFICIÊNCIAS VITAMÍNICAS,E56
DEFICIÊNCIA DE CÁLCIO DA DIETA,E58
DEFICIÊNCIA DE SELÊNIO DA DIETA,E59
DEFICIÊNCIA DE ZINCO DA DIETA,E60
DEFICIÊNCIA DE OUTROS ELEMENTOS NUTRIENTES,E61
OUTRAS DEFICIÊNCIAS NUTRICIONAIS,E63
SEQÜELAS DE DESNUTRIÇÃO E DE OUTRAS DEFICIÊNCIAS NUTRICIONAIS,E64
ADIPOSIDADE LOCALIZADA,E65
OBESIDADE,E66
OUTRAS FORMAS DE HIPERALIMENTAÇÃO,E67
SEQÜELAS DE HIPERALIMENTAÇÃO,E68
DISTÚRBIOS DO METABOLISMO DE AMINOÁCIDOS AROMÁTICOS,E70
DISTÚRBIOS DO METABOLISMO DE AMINOÁCIDOS DE CADEIA RAMIFICADA E DO METABOLISMO DOS ÁCIDOS GRAXOS,E71
OUTROS DISTÚRBIOS DO METABOLISMO DE AMINOÁCIDOS,E72
INTOLERÂNCIA À LACTOSE,E73
OUTROS DISTÚRBIOS DO METABOLISMO DE CARBOIDRATOS,E74
DISTÚRBIOS DO METABOLISMO DE ESFINGOLÍPIDES E OUTROS DISTÚRBIOS DE DEPÓSITO DE LÍPIDES,E75
DISTÚRBIOS DO METABOLISMO DO GLICOSAMINOGLICANO,E76
DISTÚRBIOS DO METABOLISMO DE GLICOPROTEÍNAS,E77
DISTÚRBIOS DO METABOLISMO DE LIPOPROTEÍNAS E OUTRAS LIPIDEMIAS,E78
DISTÚRBIOS DO METABOLISMO DE PURINA E PIRIMIDINA,E79
DISTÚRBIOS DO METABOLISMO DA PORFIRINA E DA BILIRRUBINA,E80
DISTÚRBIOS DO METABOLISMO DE MINERAIS,E83
FIBROSE CÍSTICA,E84
AMILOIDOSE,E85
DEPLEÇÃO DE VOLUME,E86
OUTROS TRANSTORNOS DO EQUILÍBRIO HIDROELETROLÍTICO E ÁCIDO-BÁSICO,E87
OUTROS DISTÚRBIOS METABÓLICOS,E88
"TRANSTORNOS ENDÓCRINOS E METABÓLICOS PÓS-PROCEDIMENTOS, NÃO CLASSIFICADOS EM OUTRA PARTE",E89
TRANSTORNOS NUTRICIONAIS E METABÓLICOS EM DOENÇAS CLASSIFICADAS EM OUTRA PARTE,E90
DEMÊNCIA NA DOENÇA DE ALZHEIMER,F00
DEMÊNCIA VASCULAR,F01
DEMÊNCIA EM OUTRAS DOENÇAS CLASSIFICADAS EM OUTRA PARTE,F02
DEMÊNCIA NÃO ESPECIFICADA,F03
SÍNDROME AMNÉSICA ORGÂNICA NÃO INDUZIDA PELO ÁLCOOL OU POR OUTRAS SUBSTÂNCIAS PSICOATIVAS,F04
DELIRIUM NÃO INDUZIDO PELO ÁLCOOL OU POR OUTRAS SUBSTÂNCIAS PSICOATIVAS,F05
OUTROS TRANSTORNOS MENTAIS DEVIDOS A LESÃO E DISFUNÇÃO CEREBRAL E A DOENÇA FÍSICA,F06
"TRANSTORNOS DE PERSONALIDADE E DO COMPORTAMENTO DEVIDOS A DOENÇA, A LESÃO E A DISFUNÇÃO CEREBRAL",F07
TRANSTORNO MENTAL ORGÂNICO OU SINTOMÁTICO NÃO ESPECIFICADO,F09
TRANSTORNOS MENTAIS E COMPORTAMENTAIS DEVIDOS AO USO DE ÁLCOOL,F10
TRANSTORNOS MENTAIS E COMPORTAMENTAIS DEVIDOS AO USO DE OPIÁCEOS,F11
TRANSTORNOS MENTAIS E COMPORTAMENTAIS DEVIDOS AO USO DE CANABINÓIDES,F12
TRANSTORNOS MENTAIS E COMPORTAMENTAIS DEVIDOS AO USO DE SEDATIVOS E HIPNÓTICOS,F13
TRANSTORNOS MENTAIS E COMPORTAMENTAIS DEVIDOS AO USO DA COCAÍNA,F14
"TRANSTORNOS MENTAIS E COMPORTAMENTAIS DEVIDOS AO USO DE OUTROS ESTIMULANTES, INCLUSIVE A CAFEÍNA",F15
TRANSTORNOS MENTAIS E COMPORTAMENTAIS DEVIDOS AO USO DE ALUCINÓGENOS,F16
TRANSTORNOS MENTAIS E COMPORTAMENTAIS DEVIDOS AO USO DE FUMO,F17
TRANSTORNOS MENTAIS E COMPORTAMENTAIS DEVIDOS AO USO DE SOLVENTES VOLÁTEIS,F18
TRANSTORNOS MENTAIS E COMPORTAMENTAIS DEVIDOS AO USO DE MÚLTIPLAS DROGAS E AO USO DE OUTRAS SUBSTÂNCIAS PSICOATIVAS,F19
ESQUIZOFRENIA,F20
TRANSTORNO ESQUIZOTÍPICO,F21
TRANSTORNOS DELIRANTES PERSISTENTES,F22
TRANSTORNOS PSICÓTICOS AGUDOS E TRANSITÓRIOS,F23
TRANSTORNO DELIRANTE INDUZIDO,F24
TRANSTORNOS ESQUIZOAFETIVOS,F25
OUTROS TRANSTORNOS PSICÓTICOS NÃO-ORGÂNICOS,F28
PSICOSE NÃO-ORGÂNICA NÃO ESPECIFICADA,F29
EPISÓDIO MANÍACO,F30
TRANSTORNO AFETIVO BIPOLAR,F31
EPISÓDIOS DEPRESSIVOS,F32
TRANSTORNO DEPRESSIVO RECORRENTE,F33
TRANSTORNOS DE HUMOR [AFETIVOS] PERSISTENTES,F34
OUTROS TRANSTORNOS DO HUMOR [AFETIVOS],F38
TRANSTORNO DO HUMOR [AFETIVO] NÃO ESPECIFICADO,F39
TRANSTORNOS FÓBICO-ANSIOSOS,F40
OUTROS TRANSTORNOS ANSIOSOS,F41
TRANSTORNO OBSESSIVO-COMPULSIVO,F42
"REAÇÕES AO ""STRESS"" GRAVE E TRANSTORNOS DE ADAPTAÇÃO",F43
TRANSTORNOS DISSOCIATIVOS [DE CONVERSÃO],F44
TRANSTORNOS SOMATOFORMES,F45
OUTROS TRANSTORNOS NEURÓTICOS,F48
TRANSTORNOS DA ALIMENTAÇÃO,F50
TRANSTORNOS NÃO-ORGÂNICOS DO SONO DEVIDOS A FATORES EMOCIONAIS,F51
"DISFUNÇÃO SEXUAL, NÃO CAUSADA POR TRANSTORNO OU DOENÇA ORGÂNICA",F52
"TRANSTORNOS MENTAIS E COMPORTAMENTAIS ASSOCIADOS AO PUERPÉRIO, NÃO CLASSIFICADOS EM OUTRA PARTE",F53
FATORES PSICOLÓGICOS OU COMPORTAMENTAIS ASSOCIADOS A DOENÇA OU A TRANSTORNOS CLASSIFICADOS EM OUTRA PARTE,F54
ABUSO DE SUBSTÂNCIAS QUE NÃO PRODUZEM DEPENDÊNCIA,F55
"SÍNDROMES COMPORTAMENTAIS ASSOCIADOS A TRANSTORNOS DAS FUNÇÕES FISIOLÓGICAS E A FATORES FÍSICOS, NÃO ESPECIFICADAS",F59
TRANSTORNOS ESPECÍFICOS DA PERSONALIDADE,F60
TRANSTORNOS MISTOS DA PERSONALIDADE E OUTROS TRANSTORNOS DA PERSONALIDADE,F61
MODIFICAÇÕES DURADOURAS DA PERSONALIDADE NÃO ATRIBUÍVEIS A LESÃO OU DOENÇA CEREBRAL,F62
TRANSTORNOS DOS HÁBITOS E DOS IMPULSOS,F63
TRANSTORNOS DA IDENTIDADE SEXUAL,F64
TRANSTORNOS DA PREFERÊNCIA SEXUAL,F65
TRANSTORNOS PSICOLÓGICOS E COMPORTAMENTAIS ASSOCIADOS AO DESENVOLVIMENTO SEXUAL E À SUA ORIENTAÇÃO,F66
OUTROS TRANSTORNOS DA PERSONALIDADE E DO COMPORTAMENTO DO ADULTO,F68
"TRANSTORNO DA PERSONALIDADE E DO COMPORTAMENTO DO ADULTO, NÃO ESPECIFICADO",F69
RETARDO MENTAL LEVE,F70
RETARDO MENTAL MODERADO,F71
RETARDO MENTAL GRAVE,F72
RETARDO MENTAL PROFUNDO,F73
OUTRO RETARDO MENTAL,F78
RETARDO MENTAL NÃO ESPECIFICADO,F79
TRANSTORNOS ESPECÍFICOS DO DESENVOLVIMENTO DA FALA E DA LINGUAGEM,F80
TRANSTORNOS ESPECÍFICOS DO DESENVOLVIMENTO DAS HABILIDADES ESCOLARES,F81
TRANSTORNO ESPECÍFICO DO DESENVOLVIMENTO MOTOR,F82
TRANSTORNOS ESPECÍFICOS MISTO DO DESENVOLVIMENTO,F83
TRANSTORNOS GLOBAIS DO DESENVOLVIMENTO,F84
OUTROS TRANSTORNOS DO DESENVOLVIMENTO PSICOLÓGICO,F88
TRANSTORNO DO DESENVOLVIMENTO PSICOLÓGICO NÃO ESPECIFICADO,F89
TRANSTORNOS HIPERCINÉTICOS,F90
DISTÚRBIOS DE CONDUTA,F91
TRANSTORNOS MISTOS DE CONDUTA E DAS EMOÇÕES,F92
TRANSTORNOS EMOCIONAIS COM INÍCIO ESPECIFICAMENTE NA INFÂNCIA,F93
TRANSTORNOS DO FUNCIONAMENTO SOCIAL COM INÍCIO ESPECIFICAMENTE DURANTE A INFÂNCIA OU A ADOLESCÊNCIA,F94
TIQUES,F95
OUTROS TRANSTORNOS COMPORTAMENTAIS E EMOCIONAIS COM INÍCIO HABITUALMENTE DURANTE A INFÂNCIA OU A ADOLESCÊNCIA,F98
TRANSTORNO MENTAL NÃO ESPECIFICADO EM OUTRA PARTE,F99
MENINGITE BACTERIANA NÃO CLASSIFICADA EM OUTRA PARTE,G00
MENINGITE EM DOENÇAS BACTERIANAS CLASSIFICADAS EM OUTRA PARTE,G01
MENINGITE EM OUTRAS DOENÇAS INFECCIOSAS E PARASITÁRIAS CLASSIFICADAS EM OUTRA PARTE,G02
MENINGITE DEVIDA A OUTRAS CAUSAS E A CAUSAS NÃO ESPECIFICADAS,G03
"ENCEFALITE, MIELITE E ENCEFALOMIELITE",G04
"ENCEFALITE, MIELITE E ENCEFALOMIELITE EM DOENÇAS CLASSIFICADAS EM OUTRA PARTE",G05
ABSCESSO E GRANULOMA INTRACRANIANOS E INTRA-RAQUIDIANOS,G06
ABSCESSO E GRANULOMA INTRACRANIANOS E INTRASPINAIS EM DOENÇAS CLASSIFICADAS EM OUTRA PARTE,G07
FLEBITE E TROMBOFLEBITE INTRACRANIANAS E INTRA-RAQUIDIANAS,G08
SEQÜELAS DE DOENÇAS INFLAMATÓRIAS DO SISTEMA NERVOSO CENTRAL,G09
DOENÇA DE HUNTINGTON,G10
ATAXIA HEREDITÁRIA,G11
ATROFIA MUSCULAR ESPINAL E SÍNDROMES CORRELATAS,G12
ATROFIAS SISTÊMICAS QUE AFETAM PRINCIPALMENTE O SISTEMA NERVOSO CENTRAL EM DOENÇAS CLASSIFICADAS EM OUTRA PARTE,G13
DOENÇA DE PARKINSON,G20
PARKINSONISMO SECUNDÁRIO,G21
PARKINSONISMO EM DOENÇAS CLASSIFICADAS EM OUTRA PARTE,G22
OUTRAS DOENÇAS DEGENERATIVAS DOS GÂNGLIOS DA BASE,G23
DISTONIA,G24
OUTRAS DOENÇAS EXTRAPIRAMIDAIS E TRANSTORNOS DOS MOVIMENTOS,G25
DOENÇAS EXTRAPIRAMIDAIS E TRANSTORNOS DOS MOVIMENTOS EM DOENÇAS CLASSIFICADAS EM OUTRA PARTE,G26
DOENÇA DE ALZHEIMER,G30
OUTRAS DOENÇAS DEGENERATIVAS DO SISTEMA NERVOSO NÃO CLASSIFICADAS EM OUTRA PARTE,G31
OUTROS TRANSTORNOS DEGENERATIVOS DO SISTEMA NERVOSO EM DOENÇAS CLASSIFICADAS EM OUTRA PARTE,G32
ESCLEROSE MÚLTIPLA,G35
OUTRAS DESMIELINIZAÇÕES DISSEMINADAS AGUDAS,G36
OUTRAS DOENÇAS DESMIELINIZANTES DO SISTEMA NERVOSO CENTRAL,G37
EPILEPSIA,G40
ESTADO DE MAL EPILÉPTICO,G41
ENXAQUECA,G43
OUTRAS SÍNDROMES DE ALGIAS CEFÁLICAS,G44
ACIDENTES VASCULARES CEREBRAIS ISQUÊMICOS TRANSITÓRIOS E SÍNDROMES CORRELATAS,G45
SÍNDROMES VASCULARES CEREBRAIS QUE OCORREM EM DOENÇAS CEREBROVASCULARES,G46
DISTÚRBIOS DO SONO,G47
TRANSTORNOS DO NERVO TRIGÊMEO,G50
TRANSTORNOS DO NERVO FACIAL,G51
TRANSTORNOS DE OUTROS NERVOS CRANIANOS,G52
TRANSTORNOS DOS NERVOS CRANIANOS EM DOENÇAS CLASSIFICADAS EM OUTRA PARTE,G53
TRANSTORNOS DAS RAÍZES E DOS PLEXOS NERVOSOS,G54
COMPRESSÕES DAS RAÍZES E DOS PLEXOS NERVOSOS EM DOENÇAS CLASSIFICADAS EM OUTRA PARTE,G55
MONONEUROPATIAS DOS MEMBROS SUPERIORES,G56
MONONEUROPATIAS DOS MEMBROS INFERIORES,G57
OUTRAS MONONEUROPATIAS,G58
MONONEUROPATIAS EM DOENÇAS CLASSIFICADAS EM OUTRA PARTE,G59
NEUROPATIA HEREDITÁRIA E IDIOPÁTICA,G60
POLINEUROPATIA INFLAMATÓRIA,G61
OUTRAS POLINEUROPATIAS,G62
POLINEUROPATIA EM DOENÇAS CLASSIFICADAS EM OUTRA PARTE,G63
OUTROS TRANSTORNOS DO SISTEMA NERVOSO PERIFÉRICO,G64
MIASTENIA GRAVIS E OUTROS TRANSTORNOS NEUROMUSCULARES,G70
TRANSTORNOS PRIMÁRIOS DOS MÚSCULOS,G71
OUTRAS MIOPATIAS,G72
TRANSTORNOS DA JUNÇÃO MIONEURAL E DOS MÚSCULOS EM DOENÇAS CLASSIFICADAS EM OUTRA PARTE,G73
PARALISIA CEREBRAL,G80
HEMIPLEGIA,G81
PARAPLEGIA E TETRAPLEGIA,G82
OUTRAS SÍNDROMES PARALÍTICAS,G83
TRANSTORNOS DO SISTEMA NERVOSO AUTÔNOMO,G90
HIDROCEFALIA,G91
ENCEFALOPATIA TÓXICA,G92
OUTROS TRANSTORNOS DO ENCÉFALO,G93
OUTROS TRANSTORNOS DO ENCÉFALO EM DOENÇAS CLASSIFICADAS EM OUTRA PARTE,G94
OUTRAS DOENÇAS DA MEDULA ESPINAL,G95
OUTROS TRANSTORNOS DO SISTEMA NERVOSO CENTRAL,G96
TRANSTORNOS PÓS-PROCEDIMENTO DO SISTEMA NERVOSO NÃO CLASSIFICADOS EM OUTRA PARTE,G97
OUTROS TRANSTORNOS DO SISTEMA NERVOSO NÃO CLASSIFICADOS EM OUTRA PARTE,G98
OUTROS TRANSTORNOS DO SISTEMA NERVOSO EM DOENÇAS CLASSIFICADAS EM OUTRA PARTE,G99
HORDÉOLO E CALÁZIO,H00
OUTRAS INFLAMAÇÕES DA PÁLPEBRA,H01
OUTROS TRANSTORNOS DA PÁLPEBRA,H02
TRANSTORNOS DA PÁLPEBRA EM DOENÇAS CLASSIFICADAS EM OUTRAS PARTES,H03
TRANSTORNOS DO APARELHO LACRIMAL,H04
TRANSTORNOS DA ÓRBITA,H05
TRANSTORNOS DO APARELHO LACRIMAL E DA ÓRBITA EM DOENÇAS CLASSIFICADAS EM OUTRA PARTE,H06
CONJUNTIVITE,H10
OUTROS TRANSTORNOS DA CONJUNTIVA,H11
TRANSTORNOS DA CONJUNTIVA EM DOENÇAS CLASSIFICADAS EM OUTRA PARTE,H13
TRANSTORNOS DA ESCLERÓTICA,H15
CERATITE,H16
CICATRIZES E OPACIDADES DA CÓRNEA,H17
OUTROS TRANSTORNOS DA CÓRNEA,H18
TRANSTORNO DA ESCLERÓTICA E DA CÓRNEA EM DOENÇAS CLASSIFICADAS EM OUTRA PARTE,H19
IRIDOCICLITE,H20
OUTROS TRANSTORNOS DA ÍRIS E DO CORPO CILIAR,H21
TRANSTORNOS DA ÍRIS E DO CORPO CILIAR EM DOENÇAS CLASSIFICADAS EM OUTRA PARTE,H22
CATARATA SENIL,H25
OUTRAS CATARATAS,H26
OUTROS TRANSTORNOS DO CRISTALINO,H27
CATARATA E OUTROS TRANSTORNOS DO CRISTALINO EM DOENÇAS CLASSIFICADAS EM OUTRA PARTE,H28
INFLAMAÇÃO CORIORRETINIANA,H30
OUTROS TRANSTORNOS DA CORÓIDE,H31
TRANSTORNOS CORIORRETINIANOS EM DOENÇAS CLASSIFICADAS EM OUTRA PARTE,H32
DESCOLAMENTOS E DEFEITOS DA RETINA,H33
OCLUSÕES VASCULARES DA RETINA,H34
OUTROS TRANSTORNOS DA RETINA,H35
TRANSTORNOS DA RETINA EM DOENÇAS CLASSIFICADAS EM OUTRA PARTE,H36
GLAUCOMA,H40
GLAUCOMA EM DOENÇAS CLASSIFICADAS EM OUTRA PARTE,H42
TRANSTORNOS DO HUMOR VÍTREO,H43
TRANSTORNOS DO GLOBO OCULAR,H44
TRANSTORNOS DO HUMOR VÍTREO E DO GLOBO OCULAR EM DOENÇAS CLASSIFICADAS EM OUTRA PARTE,H45
NEURITE ÓPTICA,H46
OUTROS TRANSTORNOS DO NERVO ÓPTICO E DAS VIAS ÓPTICAS,H47
TRANSTORNOS DO NERVO ÓPTICO [SEGUNDO PAR] E DAS VIAS ÓPTICAS EM DOENÇAS CLASSIFICADAS EM OUTRA PARTE,H48
ESTRABISMO PARALÍTICO,H49
OUTROS ESTRABISMOS,H50
OUTROS TRANSTORNOS DO MOVIMENTO BINOCULAR,H51
TRANSTORNOS DA REFRAÇÃO E DA ACOMODAÇÃO,H52
DISTÚRBIOS VISUAIS,H53
CEGUEIRA E VISÃO SUBNORMAL,H54
NISTAGMO E OUTROS MOVIMENTOS IRREGULARES DO OLHO,H55
OUTROS TRANSTORNOS DO OLHO E ANEXOS,H57
OUTROS TRANSTORNOS DO OLHO E ANEXOS EM DOENÇAS CLASSIFICADAS EM OUTRA PARTE,H58
TRANSTORNOS DO OLHO E ANEXOS PÓS-PROCEDIMENTO NÃO CLASSIFICADOS EM OUTRA PARTE,H59
OTITE EXTERNA,H60
OUTROS TRANSTORNOS DO OUVIDO EXTERNO,H61
TRANSTORNOS DO OUVIDO EXTERNO EM DOENÇAS CLASSIFICADAS EM OUTRA PARTE,H62
OTITE MÉDIA NÃO-SUPURATIVA,H65
OTITE MÉDIA SUPURATIVA E AS NÃO ESPECIFICADAS,H66
OTITE MÉDIA EM DOENÇAS CLASSIFICADAS EM OUTRA PARTE,H67
SALPINGITE E OBSTRUÇÃO DA TROMPA DE EUSTÁQUIO,H68
OUTROS TRANSTORNOS DA TROMPA DE EUSTÁQUIO,H69
MASTOIDITE E AFECÇÕES CORRELATAS,H70
COLESTEATOMA DO OUVIDO MÉDIO,H71
PERFURAÇÃO DA MEMBRANA DO TÍMPANO,H72
OUTROS TRANSTORNOS DA MEMBRANA DO TÍMPANO,H73
OUTROS TRANSTORNOS DO OUVIDO MÉDIO E DA MASTÓIDE,H74
OUTROS TRANSTORNOS DO OUVIDO MÉDIO E DA MASTÓIDE EM DOENÇAS CLASSIFICADAS EM OUTRA PARTE,H75
OTOSCLEROSE,H80
TRANSTORNOS DA FUNÇÃO VESTIBULAR,H81
SÍNDROMES VERTIGINOSAS EM DOENÇAS CLASSIFICADAS EM OUTRA PARTE,H82
OUTROS TRANSTORNOS DO OUVIDO INTERNO,H83
PERDA DE AUDIÇÃO POR TRANSTORNO DE CONDUÇÃO E/OU NEURO-SENSORIAL,H90
OUTRAS PERDAS DE AUDIÇÃO,H91
OTALGIA E SECREÇÃO AUDITIVA,H92
OUTROS TRANSTORNOS DO OUVIDO NÃO CLASSIFICADOS EM OUTRA PARTE,H93
OUTROS TRANSTORNOS DO OUVIDO EM DOENÇAS CLASSIFICADAS EM OUTRA PARTE,H94
"TRANSTORNOS DO OUVIDO E DA APÓFISE MASTÓIDE PÓS-PROCEDIMENTOS, NÃO CLASSIFICADOS EM OUTRA PARTE",H95
FEBRE REUMÁTICA SEM MENÇÃO DE COMPROMETIMENTO DO CORAÇÃO,I00
FEBRE REUMÁTICA COM COMPROMETIMENTO DO CORAÇÃO,I01
CORÉIA REUMÁTICA,I02
DOENÇAS REUMÁTICAS DA VALVA MITRAL,I05
DOENÇAS REUMÁTICAS DA VALVA AÓRTICA,I06
DOENÇAS REUMÁTICAS DA VALVA TRICÚSPIDE,I07
DOENÇAS DE MÚLTIPLAS VALVAS,I08
OUTRAS DOENÇAS REUMÁTICAS DO CORAÇÃO,I09
HIPERTENSÃO ESSENCIAL (PRIMÁRIA),I10
DOENÇA CARDÍACA HIPERTENSIVA,I11
DOENÇA RENAL HIPERTENSIVA,I12
DOENÇA CARDÍACA E RENAL HIPERTENSIVA,I13
HIPERTENSÃO SECUNDÁRIA,I15
ANGINA PECTORIS,I20
INFARTO AGUDO DO MIOCÁRDIO,I21
INFARTO DO MIOCÁRDIO RECORRENTE,I22
ALGUMAS COMPLICAÇÕES ATUAIS SUBSEQÜENTES AO INFARTO AGUDO DO MIOCÁRDIO,I23
OUTRAS DOENÇAS ISQUÊMICAS AGUDAS DO CORAÇÃO,I24
DOENÇA ISQUÊMICA CRÔNICA DO CORAÇÃO,I25
EMBOLIA PULMONAR,I26
OUTRAS FORMAS DE DOENÇA CARDÍACA PULMONAR,I27
OUTRAS DOENÇAS DOS VASOS PULMONARES,I28
PERICARDITE AGUDA,I30
OUTRAS DOENÇAS DO PERICÁRDIO,I31
PERICARDITE EM DOENÇAS CLASSIFICADAS EM OUTRA PARTE,I32
ENDOCARDITE AGUDA E SUBAGUDA,I33
TRANSTORNOS NÃO-REUMÁTICOS DA VALVA MITRAL,I34
TRANSTORNOS NÃO-REUMÁTICOS DA VALVA AÓRTICA,I35
TRANSTORNOS NÃO-REUMÁTICOS DA VALVA TRICÚSPIDE,I36
TRANSTORNOS DA VALVA PULMONAR,I37
ENDOCARDITE DE VALVA NÃO ESPECIFICADA,I38
ENDOCARDITE E TRANSTORNOS VALVULARES CARDÍACOS EM DOENÇAS CLASSIFICADAS EM OUTRA PARTE,I39
MIOCARDITE AGUDA,I40
MIOCARDITE EM DOENÇAS CLASSIFICADAS EM OUTRA PARTE,I41
CARDIOMIOPATIAS,I42
CARDIOMIOPATIA EM DOENÇAS CLASSIFICADAS EM OUTRA PARTE,I43
BLOQUEIO ATRIOVENTRICULAR E DO RAMO ESQUERDO,I44
OUTROS TRANSTORNOS DE CONDUÇÃO,I45
PARADA CARDÍACA,I46
TAQUICARDIA PAROXÍSTICA,I47
FLUTTER E FIBRILAÇÃO ATRIAL,I48
OUTRAS ARRITMIAS CARDÍACAS,I49
INSUFICIÊNCIA CARDÍACA,I50
COMPLICAÇÕES DE CARDIOPATIAS E DOENÇAS CARDÍACAS MAL DEFINIDAS,I51
OUTRAS AFECÇÕES CARDÍACAS EM DOENÇAS CLASSIFICADAS EM OUTRA PARTE,I52
HEMORRAGIA SUBARACNÓIDE,I60
HEMORRAGIA INTRACEREBRAL,I61
OUTRAS HEMORRAGIAS INTRACRANIANAS NÃO-TRAUMÁTICAS,I62
INFARTO CEREBRAL,I63
"ACIDENTE VASCULAR CEREBRAL, NÃO ESPECIFICADO COMO HEMORRÁGICO OU ISQUÊMICO",I64
OCLUSÃO E ESTENOSE DE ARTÉRIAS PRÉ-CEREBRAIS QUE NÃO RESULTAM EM INFARTO CEREBRAL,I65
OCLUSÃO E ESTENOSE DE ARTÉRIAS CEREBRAIS QUE NÃO RESULTAM EM INFARTO CEREBRAL,I66
OUTRAS DOENÇAS CEREBROVASCULARES,I67
TRANSTORNOS CEREBROVASCULARES EM DOENÇAS CLASSIFICADAS EM OUTRA PARTE,I68
SEQÜELAS DE DOENÇAS CEREBROVASCULARES,I69
ATEROSCLEROSE,I70
ANEURISMA E DISSECÇÃO DA AORTA,I71
OUTROS ANEURISMAS,I72
OUTRAS DOENÇAS VASCULARES PERIFÉRICAS,I73
EMBOLIA E TROMBOSE ARTERIAIS,I74
OUTRAS AFECÇÕES DAS ARTÉRIAS E ARTERÍOLAS,I77
DOENÇAS DOS CAPILARES,I78
"TRANSTORNOS DAS ARTÉRIAS, DAS ARTERÍOLAS E DOS CAPILARES EM DOENÇAS CLASSIFICADAS EM OUTRA PARTE",I79
FLEBITE E TROMBOFLEBITE,I80
TROMBOSE DA VEIA PORTA,I81
OUTRA EMBOLIA E TROMBOSE VENOSAS,I82
VARIZES DOS MEMBROS INFERIORES,I83
HEMORRÓIDAS,I84
VARIZES ESOFAGIANAS,I85
VARIZES DE OUTRAS LOCALIZAÇÕES,I86