Descricao,Valor
ATORVASTATINA 80 MG (POR COMPRIMIDO),"0,00"
BEZAFIBRATO 200 MG (POR DRÁGEA OU COMPRIMIDO),"0,00"
CLOBAZAM 20 MG (POR COMPRIMIDO),"0,00"
ESCUTA INICIAL / ORIENTAÇÃO (ACOLHIMENTO À DEMANDA ESPONTÂNEA),"0,00"
ETOFIBRATO 500 MG (POR CÁPSULA),"0,00"
FORMOTEROL 12 MCG + BUDESONIDA 400 MCG PÓ INALANTE (POR FRASCO DE 60 DOSES),"0,00"
FORMOTEROL 6 MCG + BUDESONIDA 200 MCG (POR CÁPSULA INALANTE),"0,00"
ISOTRETINOÍNA 10 MG (POR CÁPSULA),"0,00"
LAMOTRIGINA 25 MG (POR COMPRIMIDO),"0,00"
MORFINA 10 MG/ML (POR AMPOLA DE 1 ML),"0,00"
PRAVASTATINA 10 MG (POR COMPRIMIDO),"0,00"
PRIMIDONA 100 MG (POR COMPRIMIDO),"0,00"
TACROLIMO 5 MG (POR CÁPSULA),"0,00"
TENECTEPLASE 40 MG INJETÁVEL (POR FRASCO-AMPOLA) DE USO NAS URGÊNCIAS PRÉ-HOSPITALARES,"1.810,00"
ABATACEPTE 125 MG INJETÁVEL (POR SERINGA PREENCHIDA),"0,00"
ABATACEPTE 250 MG INJETÁVEL (POR FRASCO-AMPOLA),"0,00"
ABCIXIMABE,"873,00"
ABERTURA DE COMUNICAÇÃO INTER-ATRIAL,"12.246,65"
ABERTURA DE ESTENOSE AÓRTICA VALVAR,"7.445,17"
ABERTURA DE ESTENOSE AÓRTICA VALVAR (CRIANÇA E ADOLESCENTE),"12.820,88"
ABERTURA DE ESTENOSE PULMONAR VALVAR,"7.445,17"
ABERTURA DE ESTENOSE PULMONAR VALVAR (CRIANÇA E ADOLESCENTE),"10.948,62"
ABORDAGEM COGNITIVA COMPORTAMENTAL DO FUMANTE (POR ATENDIMENTO / PACIENTE),"0,00"
AÇÃO COLETIVA DE APLICAÇÃO TÓPICA DE FLÚOR GEL,"0,00"
AÇÃO COLETIVA DE BOCHECHO FLUORADO,"0,00"
AÇÃO COLETIVA DE ESCOVAÇÃO DENTAL SUPERVISIONADA,"0,00"
AÇÃO COLETIVA DE EXAME BUCAL COM FINALIDADE EPIDEMIOLÓGICA,"0,00"
AÇÃO COLETIVA DE PREVENÇÃO DE CÂNCER BUCAL,"0,00"
ACESSO À POLPA DENTÁRIA E MEDICAÇÃO (POR DENTE),"0,00"
ACETAZOLAMIDA 250 MG (POR COMPRIMIDO),"0,00"
ACIDEZ TITULÁVEL NO LEITE HUMANO (DORNIC),"3,04"
ÁCIDO NICOTÍNICO 250 MG (POR COMPRIMIDO DE LIBERAÇÃO PROLONGADA),"0,00"
ÁCIDO NICOTÍNICO 500 MG (POR COMPRIMIDO DE LIBERAÇÃO PROLONGADA),"0,00"
ÁCIDO NICOTÍNICO 750 MG (POR COMPRIMIDO DE LIBERAÇÃO PROLONGADA),"0,00"
ÁCIDO ÚRICO LÍQUIDO NO SINOVIAL E DERRAMES,"1,89"
ÁCIDO URSODESOXICÓLICO 150 MG (POR COMPRIMIDO),"2,90"
ÁCIDO URSODESOXICÓLICO 300 MG (POR COMPRIMIDO),"5,73"
ÁCIDO URSODESOXICÓLICO 50 MG (POR COMPRIMIDO),"1,17"
ACITRETINA 10 MG (POR CÁPSULA),"2,74"
ACITRETINA 25 MG (POR CÁPSULA),"6,73"
AÇÕES DE ARTICULAÇÃO DE REDES INTRA E INTERSETORIAIS,"0,00"
AÇÕES DE REABILITAÇÃO PSICOSSOCIAL,"0,00"
AÇÕES DE REDUÇÃO DE DANOS,"0,00"
AÇÕES RELACIONADAS À DOAÇÃO DE ÓRGÃOS E TECIDOS PARA TRANSPLANTE,"0,00"
AÇÕES RELACIONADAS À DOAÇÃO DE ÓRGÃOS E TECIDOS REALIZADAS POR EQUIPE DE OUTRO ESTABELECIMENTO,"0,00"
ACOLHIMENTO COM CLASSIFICAÇÃO DE RISCO,"0,00"
ACOLHIMENTO DIURNO DE PACIENTE EM CENTRO DE ATENÇÃO PSICOSSOCIAL,"0,00"
ACOLHIMENTO EM TERCEIRO TURNO DE PACIENTE EM CENTRO DE ATENÇÃO PSICOSSOCIAL,"0,00"
ACOLHIMENTO INICIAL POR CENTRO DE ATENÇÃO PSICOSSOCIAL,"0,00"
ACOLHIMENTO NOTURNO DE PACIENTE EM CENTRO DE ATENÇÃO PSICOSSOCIAL,"0,00"
ACOMPANHAMENTO DA POPULAÇÃO INFANTO-JUVENIL COM SOFRIMENTO OU TRANSTORNOS MENTAIS DECORRENTES,"0,00"
ACOMPANHAMENTO DE DOADOR VIVO PÓS-DOAÇÃO DE FÍGADO, PULMÃO OU RIM,"135,00"
ACOMPANHAMENTO DE PACIENTE C/ IMPLANTE COCLEAR,"58,62"
ACOMPANHAMENTO DE PACIENTE COM FENILCETONÚRIA,"27,50"
ACOMPANHAMENTO DE PACIENTE COM FIBROSE CÍSTICA,"27,50"
ACOMPANHAMENTO DE PACIENTE COM HEMOGLOBINOPATIAS,"27,50"
ACOMPANHAMENTO DE PACIENTE COM HIPOTIREOIDISMO CONGÊNITO,"27,50"
ACOMPANHAMENTO DE PACIENTE COM IMPLANTE COCLEAR,"58,62"
ACOMPANHAMENTO DE PACIENTE COM PRÓTESE AUDITIVA ANCORADA NO OSSO,"58,62"
ACOMPANHAMENTO DE PACIENTE EM REABILITAÇÃO EM COMUNICAÇÃO ALTERNATIVA,"17,67"
ACOMPANHAMENTO DE PACIENTE EM SAÚDE MENTAL (RESIDÊNCIA TERAPÊUTICA),"0,00"
ACOMPANHAMENTO DE PACIENTE EM TERAPIA NUTRICIONAL,"0,00"
ACOMPANHAMENTO DE PACIENTE MÉDIO / GRANDE QUEIMADO,"15,75"
ACOMPANHAMENTO DE PACIENTE P/ ADAPTAÇÃO DE APARELHO DE AMPLIFICAÇÃO SONORA INDIVIDUAL (AASI) UNI,"21,68"
ACOMPANHAMENTO DE PACIENTE PEQUENO QUEIMADO,"10,50"
ACOMPANHAMENTO DE PACIENTE PORTADOR DE AGRAVOS RELACIONADOS AO TRABALHO,"0,00"
ACOMPANHAMENTO DE PACIENTE PORTADOR DE SEQUELAS RELACIONADAS AO TRABALHO,"0,00"
ACOMPANHAMENTO DE PACIENTE PÓS-CIRURGIA BARIÁTRICA POR EQUIPE MULTIPROFISSIONAL,"40,00"
ACOMPANHAMENTO DE PACIENTE PÓS-TRANSPLANTE DE CÓRNEA,"115,00"
ACOMPANHAMENTO DE PACIENTE PÓS-TRANSPLANTE DE RIM, FÍGADO, CORAÇÃO, PULMÃO, CÉLULAS-TRONCO HEMAT,"135,00"
ACOMPANHAMENTO DE PACIENTE PRÉ-CIRURGIA BARIÁTRICA POR EQUIPE MULTIPROFISSIONAL,"40,00"
ACOMPANHAMENTO DE PACIENTES NO PRÉ-TRANSPLANTE DE ÓRGÃOS,"135,00"
ACOMPANHAMENTO DE PESSOAS ADULTAS COM SOFRIMENTO OU TRANSTORNOS MENTAIS DECORRENTES DO USO,"0,00"
ACOMPANHAMENTO DE PESSOAS COM NECESSIDADES DECORRENTES DO USO DE ÁLCOOL, CRACK E OUTRAS DROGAS,"0,00"
ACOMPANHAMENTO DE SERVIÇO RESIDENCIAL TERAPÊUTICO POR CENTRO DE ATENÇÃO PSICOSSOCIAL,"0,00"
ACOMPANHAMENTO E AVALIAÇÃO DE GLAUCOMA POR FUNDOSCOPIA E TONOMETRIA,"17,74"
ACOMPANHAMENTO E AVALIAÇÃO DOMICILIAR DE PACIENTE SUBMETIDO A VENTILAÇÃO MECÂNICA NÃO INVASIVA,"55,00"
ACOMPANHAMENTO EM SERVIÇO DE REFERÊNCIA DE TRIAGEM NEONATAL (SRTN) PACIENTE COM DEFICIÊNCIA DE,"27,50"
ACOMPANHAMENTO EM SERVIÇO DE REFERÊNCIA EM TRIAGEM NEONATAL (SRTN) - HIPERPLASIA ADRENAL CONGÊNITA,"27,50"
ACOMPANHAMENTO MULTIPROFISSIONAL EM DRC ESTÁGIO 04 PRÉ-DIÁLISE,"61,00"
ACOMPANHAMENTO MULTIPROFISSIONAL EM DRC ESTÁGIO 05 PRÉ-DIÁLISE,"61,00"
ACOMPANHAMENTO NEUROPSICOLÓGICO DE PACIENTE EM REABILITAÇÃO,"17,67"
ACOMPANHAMENTO NO PROCESSO TRANSEXUALIZADO EXCLUSIVAMENTE PARA ATENDIMENTO CLÍNICO,"39,38"
ACOMPANHAMENTO NO PROCESSO TRANSEXUALIZADOR EXCLUSIVO NAS ETAPAS DO PRÉ E PÓS-OPERATÓRIO,"39,38"
ACOMPANHAMENTO PSICOPEDAGÓGICO DE PACIENTE EM REABILITAÇÃO,"17,67"
ACONSELHAMENTO GENÉTICO,"100,00"
ADALIMUMABE 40 MG INJETÁVEL (FRASCO AMPOLA),"0,00"
ADALIMUMABE 40 MG INJETÁVEL (POR SERINGA PREENCHIDA),"0,00"
ADALIMUMABE 40 MG INJETÁVEL (POR SERINGA PREENCHIDA),"0,00"
ADAPTAÇÃO ABDUTOR TIPO CAVALO PARA CADEIRA DE RODAS,"57,00"
ADAPTAÇÃO DE ASSENTO PARA DEFORMIDADES DE QUADRIL,"136,34"
ADAPTAÇÃO DE ENCOSTO PARA DEFORMIDADES DE TRONCO,"132,00"
ADAPTAÇÃO DE OPM AUXILIARES DE LOCOMOÇÃO,"0,00"
ADAPTAÇÃO DE OPM OFTALMOLÓGICA,"0,00"
ADAPTAÇÃO DE OPM ORTOPÉDICA,"0,00"
Adaptação DE PRÓTESE DENTARIA,"0,00"
ADAPTAÇÃO DO APOIO DE BRAÇOS DA CADEIRA DE RODAS,"132,00"
ADAPTAÇÃO DO APOIO DE PÉS DA CADEIRA DE RODAS,"62,50"
ADENOGRAMA,"5,79"
ADENOIDECTOMIA,"48,42"
ADEQUAÇÃO DO COMPORTAMENTO DA PESSOA COM DEFICIÊNCIA,"0,00"
ADEQUAÇÃO DO COMPORTAMENTO DE CRIANÇAS,"0,00"
ADESÃO À ASSISTÊNCIA PRE-NATAL - INCENTIVO PHPN (COMPONENTE I),"0,00"
ADMINISTRAÇÃO DE IMUNODERIVADOS (ORAL E/OU PARENTERAL),"0,00"
ADMINISTRAÇÃO DE MEDICAMENTOS NA ATENÇÃO ESPECIALIZADA.,"0,63"
ADMINISTRAÇÃO DE MEDICAMENTOS POR VIA ENDOVENOSA,"0,00"
ADMINISTRAÇÃO DE MEDICAMENTOS POR VIA INTRAMUSCULAR,"0,00"
ADMINISTRAÇÃO DE MEDICAMENTOS POR VIA ORAL,"0,00"
ADMINISTRAÇÃO DE MEDICAMENTOS POR VIA SUBCUTÂNEA (SC),"0,00"
ADMINISTRAÇÃO DE PENICILINA PARA TRATAMENTO DE SÍFILIS,"0,00"
ADMINISTRAÇÃO DE VITAMINA A,"0,00"
ADMINISTRAÇÃO TÓPICA DE MEDICAMENTO(S),"0,00"
AFERESE TERAPÊUTICA,"180,00"
AFERIÇÃO DE PRESSÃO ARTERIAL,"0,00"
AFERIÇÃO DE TEMPERATURA,"0,00"
AGULHA P/ PUNÇÃO TRANSEPTAL,"324,51"
AJUDA DE CUSTO P / ALIMENTAÇÃO/PERNOITE DE ACOMPANHANTE - (P/TRATAMENTO CNRAC),"24,75"
AJUDA DE CUSTO P/ ALIMENTAÇÃO/PERNOITE DE PACIENTE,"24,75"
AJUDA DE CUSTO PARA ALIMENTAÇÃO DE ACOMPANHANTE S/PERNOITE,"8,40"
AJUDA DE CUSTO PARA ALIMENTACAO DE PACIENTE SEM PERNOITE,"8,40"
AJUDA DE CUSTO PARA ALIMENTAÇÃO PERNOITE DE PACIENTE - (PARA TRATAMENTO CNRAC),"24,75"
AJUDA DE CUSTO PARA ALIMENTAÇÃO/PERNOITE DE ACOMPANHANTE,"24,75"
AJUSTE MEDICAMENTOSO DE SITUAÇÕES NEUROLÓGICAS AGUDIZADAS,"309,73"
AJUSTE OCLUSAL,"0,00"
ALARGAMENTO DA ENTRADA VAGINAL,"119,35"
ALBUMINA HUMANA 20 POR CENTO (FRASCO-AMPOLA DE 50 ML),"55,00"
ALCOOLIZAÇÃO DE NERVO CRANIANO,"18,85"
ALCOOLIZAÇÃO PERCUTÂNEA DE CARCINOMA HEPÁTICO,"873,45"
ALCOOLIZAÇÃO PERCUTÂNEA DE HEMANGIOMA E MALFORMAÇÃO VENOSAS (INCLUI ESTUDO ANGIOGRÁFICO),"283,18"
"ALFACALCIDOL 0,25 MCG (POR CAPSULA)","0,00"
"ALFACALCIDOL 1,0 MCG (POR CAPSULA)","0,00"
"ALFADORNASE 2,5 MG (POR AMPOLA)","0,00"
ALFAEPOETINA 1.000 UI INJETÁVEL (POR FRASCO-AMPOLA),"0,00"
ALFAEPOETINA 10.000 UI INJETÁVEL (POR FRASCO-AMPOLA),"0,00"
ALFAEPOETINA 2.000 UI INJETÁVEL (POR FRASCO-AMPOLA),"0,00"
ALFAEPOETINA 3.000 UI INJETÁVEL (POR FRASCO-AMPOLA),"0,00"
ALFAEPOETINA 4.000 UI INJETÁVEL (POR FRASCO-AMPOLA),"0,00"
ALFAINTERFERONA 2B 10.000.000 UI INJETÁVEL (POR FRASCO-AMPOLA),"262,45"
ALFAINTERFERONA 2B 3.000.000 UI INJETÁVEL (POR FRASCO-AMPOLA),"92,33"
ALFAINTERFERONA 2B 5.000.000 UI INJETÁVEL (POR FRASCO-AMPOLA),"138,03"
ALFAPEGINTERFERONA 2A 180MCG (POR SERINGA PREENCHIDA),"0,00"
ALFAPEGINTERFERONA 2B 100MCG (POR FRASCO-AMPOLA),"0,00"
ALFAPEGINTERFERONA 2B 120MCG (POR FRASCO-AMPOLA),"0,00"
ALFAPEGINTERFERONA 2B 80MCG (POR FRASCO-AMPOLA),"0,00"
ALFATALIGLICERASE 200 U INJETÁVEL (POR FRASCO AMPOLA),"0,00"
ALFAVELAGLICERASE 200 U INJETÁVEL (POR FRASCO AMPOLA),"0,00"
ALFAVELAGLICERASE 400 U INJETÁVEL (POR FRASCO AMPOLA),"0,00"
ALMOFADA DE ASSENTO PARA CADEIRA DE RODAS PARA PREVENÇÃO DE ÚLCERAS DE PRESSÃO - SIMPLES,"17,38"
ALMOFADA DE ASSENTO PARA PREVENÇÃO DE ÚLCERAS DE PRESSÃO EM CÉLULAS DE AR,"995,00"
ALONGAMENTO / ENCURTAMENTO MIOTENDINOSO,"253,93"
ALONGAMENTO DE COLUMELA,"200,76"
ALONGAMENTO DE COLUMELA EM PACIENTE COM ANOMALIAS CRANIO E BUCOMAXILOFACIAL,"432,24"
ALONGAMENTO E/OU TRANSPORTE DE OSSOS DA MÃO E/OU DO PE,"258,26"
ALONGAMENTO E/OU TRANSPORTE ÓSSEO DE OSSOS LONGOS (EXCETO DA MÃO E DO PÉ),"809,74"
ALTEPLASE 10MG INJETÁVEL ( POR FRASCO AMPOLA),"167,00"
ALTEPLASE 20MG INJETÁVEL (POR FRASCO AMPOLA),"334,00"
ALTEPLASE 50MG INJETÁVEL (POR FRASCO AMPOLA),"835,00"
ALVEOLOPLASTIA COM ENXERTO ÓSSEO EM PACIENTE COM ANOMALIA CRANIOFACIAL,"1.003,10"
AMANTADINA 100 MG (POR COMPRIMIDO),"0,41"
AMBRISENTANA 10MG (POR COMPRIMIDO REVESTIDO),"25,72"
AMBRISENTANA 5MG (POR COMPRIMIDO REVESTIDO),"25,53"
AMIGDALECTOMIA,"45,47"
AMIGDALECTOMIA C/ ADENOIDECTOMIA,"35,53"
AMNIOCENTESE,"2,20"
AMNIOSCOPIA,"1,69"
AMPLIAÇÃO DE VIA DE SAÍDA DO VENTRÍCULO DIREITO E/OU RAMOS PULMONARES,"11.187,16"
AMPLIAÇÃO DE VIA DE SAÍDA DO VENTRÍCULO DIREITO E/OU RAMOS PULMONARES (CRIANÇA E ADOLESCENTE),"15.991,52"
AMPLIAÇÃO DE VIA DE SAÍDA DO VENTRÍCULO ESQUERDO,"12.849,23"
AMPLIAÇÃO DE VIA DE SAÍDA DO VENTRÍCULO ESQUERDO (CRIANÇA E ADOLESCENTE),"19.664,32"
AMPUTAÇÃO / DESARTICULAÇÃO DE DEDO,"28,42"
AMPUTAÇÃO / DESARTICULAÇÃO DE MÃO E PUNHO,"193,30"
AMPUTAÇÃO / DESARTICULAÇÃO DE MEMBROS INFERIORES,"892,74"
AMPUTAÇÃO / DESARTICULAÇÃO DE MEMBROS INFERIORES EM ONCOLOGIA,"2.860,63"
AMPUTAÇÃO / DESARTICULAÇÃO DE MEMBROS SUPERIORES,"359,46"
AMPUTAÇÃO / DESARTICULAÇÃO DE MEMBROS SUPERIORES EM ONCOLOGIA,"2.860,63"
AMPUTAÇÃO / DESARTICULAÇÃO DE PÉ E TARSO,"274,01"
AMPUTAÇÃO ABDOMINO-PERINEAL DE RETO EM ONCOLOGIA,"5.556,76"
AMPUTAÇÃO COMPLETA ABDOMINO-PERINEAL DO RETO,"1.403,90"
AMPUTAÇÃO CÔNICA DE COLO DE ÚTERO COM COLPECTOMIA EM ONCOLOGIA,"1.808,69"
AMPUTAÇÃO DE PÊNIS,"505,01"
AMPUTAÇÃO DE PÊNIS EM ONCOLOGIA,"839,28"
AMPUTAÇÃO POR PROCIDENCIA DE RETO,"716,48"
AMPUTAÇÃO TOTAL AMPLIADA DE PÊNIS EM ONCOLOGIA,"1.091,07"
ANALGESIA OBSTÉTRICA P/ PARTO NORMAL,"48,30"
ANÁLISE ACÚSTICA DA VOZ POR MEIO DE LABORATORIO DE VOZ,"4,11"
ANÁLISE DE BACTÉRIAS PATOGÊNICAS EM ÁGUA,"0,00"
ANÁLISE DE BACTÉRIAS PATOGÊNICAS EM SOLO,"0,00"
"ANÁLISE DE CARACTERES FÍSICOS, ELEMENTOS E SEDIMENTO DA URINA","3,70"
ANÁLISE DE COLIFORMES E BACTÉRIAS HETEROTRÓFICAS EM ÁGUA,"0,00"
ANÁLISE DE DNA PELA TÉCNICA DE SOUTHERN BLOT,"0,00"
ANÁLISE DE DNA POR MLPA,"0,00"
ANÁLISE DE METAIS PESADOS,"0,00"
ANÁLISE DE PROJETOS BÁSICOS DE ARQUITETURA,"0,00"
ANÁLISE DE RESÍDUOS DE PESTICIDAS,"0,00"
ANÁLISE FÍSICO-QUÍMICA DE ÁGUA,"0,00"
ANASTOMOSE BILEO-DIGESTIVA,"1.161,31"
ANASTOMOSE BILEO-DIGESTIVA EM ONCOLOGIA,"1.252,60"
ANASTOMOSE CAVO-PULMONAR BIDIRECIONAL,"8.431,76"
ANASTOMOSE CAVO-PULMONAR BIDIRECIONAL (CRIANÇA E ADOLESCENTE),"14.685,43"
ANASTOMOSE CAVO-PULMONAR TOTAL,"16.557,69"
ANASTOMOSE ESPLENO-RENAL / OUTRA DERIVAÇÃO CENTRAL,"1.137,80"
ANASTOMOSE LINFOVENOSA,"1.142,89"
ANASTOMOSE PORTO-CAVA,"1.254,33"
ANASTOMOSE SISTÊMICO PULMONAR COM CEC,"3.855,37"
ANASTOMOSE SISTÊMICO PULMONAR COM CEC (CRIANÇA E ADOLESCENTE),"8.426,52"
ANASTOMOSE SISTÊMICO-PULMONAR,"5.554,95"
ANASTOMOSE SISTÊMICO-PULMONAR (CRIANÇA E ADOLESCENTE),"12.131,83"
ANASTOMOSE VASCULAR EXTRA / INTRACRANIANA,"4.846,89"
ÂNCORA,"197,60"
ANDADOR FIXO / ARTICULADO EM ALUMÍNIO COM QUATRO PONTEIRAS.,"130,00"
ANEL P/ ANELOPLASTIA VALVULAR,"218,12"
ANESTESIA GERAL,"84,00"
ANESTESIA OBSTÉTRICA P/ CESARIANA,"61,18"
ANESTESIA OBSTÉTRICA P/CESARIANA EM GESTAÇÃO DE ALTO RISCO,"96,60"
ANESTESIA REGIONAL,"22,27"
ANEURISMECTOMIA DE AORTA ABDOMINAL INFRA-RENAL,"1.622,26"
ANEURISMECTOMIA TORACO-ABDOMINAL,"4.155,21"
ANEXECTOMIA UNI / BILATERAL EM ONCOLOGIA,"1.545,10"
ANGIOGRAFIA CEREBRAL (4 VASOS),"179,46"
ANGIOGRAFIA CEREBRAL P/ DIAGNOSTICO DE MORTE ENCEFALICA (4 VASOS),"0,00"
ANGIOGRAFIA DE ARCO AÓRTICO,"137,01"
ANGIOGRAFIA DE ARCO AORTICO E TRONCOS SUPRA-AORTICOS,"137,01"
ANGIOPLASTIA COM IMPLANTE DE DUPLO STENT EM AORTA/ARTERIA PULMONAR E RAMOS,"1.575,72"
ANGIOPLASTIA CORONARIANA,"1.575,72"
ANGIOPLASTIA CORONARIANA C/ IMPLANTE DE DOIS STENTS,"1.575,72"
ANGIOPLASTIA CORONARIANA COM IMPLANTE DE STENT,"1.575,72"
ANGIOPLASTIA CORONARIANA PRIMÁRIA,"1.747,52"
ANGIOPLASTIA EM ENXERTO CORONARIANO,"1.575,72"
ANGIOPLASTIA EM ENXERTO CORONARIANO (COM IMPLANTE DE STENT),"1.575,72"
ANGIOPLASTIA INTRACRANIANA EM VASO-ESPASMO,"807,81"
"ANGIOPLASTIA INTRALUMINAL DE AORTA, VEIA CAVA / VASOS ILÍACOS (COM STENT)","1.614,75"
"ANGIOPLASTIA INTRALUMINAL DE AORTA, VEIA CAVA / VASOS ILÍACOS (C STENT)","1.614,75"
ANGIOPLASTIA INTRALUMINAL DE VASOS DAS EXTREMIDADES (COM STENT NÃO RECOBERTO),"1.065,36"
ANGIOPLASTIA INTRALUMINAL DE VASOS DAS EXTREMIDADES (COM STENT RECOBERTO),"1.065,36"
ANGIOPLASTIA INTRALUMINAL DE VASOS DAS EXTREMIDADES (SEM STENT),"1.065,36"
ANGIOPLASTIA INTRALUMINAL DE VASOS DO PESCOCO / TRONCOS SUPRA-AÓRTICOS (SEM STENT),"1.065,36"
ANGIOPLASTIA INTRALUMINAL DE VASOS DO PESCO~O OU TRONCOS SUPRA-AÓRTICOS (COM STENT NAO RECOBE,"1.065,36"
ANGIOPLASTIA INTRALUMINAL DE VASOS VISCERAIS / RENAIS,"1.065,36"
ANGIOPLASTIA INTRALUMINAL DE VASOS VISCERAIS COM STENT NÃO RECOBERTO,"1.065,36"
ANGIOPLASTIA INTRALUMINAL DE VASOS VISCERAIS COM STENT RECOBERTO,"1.065,36"
ANGIOPLASTIA INTRALUMINAL DOS VASOS DO PESCOCO / TRONCOS SUPRA-AÓRTICOS (COM STENT RECOBERTO),"1.065,36"
ANGIORESSONÂNCIA CEREBRAL,"268,75"
ANTIBIOGRAMA,"4,98"
ANTIBIOGRAMA C/ CONCENTRAÇÃO INIBITORIA MÍNIMA,"13,33"
ANTIBIOGRAMA P/ MICOBACTÉRIAS,"13,33"
ANTIBIOTICOTERAPIA PARENTERAL,"0,00"
ANTROSTOMIA DE MAXILA INTRANASAL,"44,34"
ANTROSTOMIA DA MASTOIDE (DRENAGEM DE OTITE NO LACTENTE),"295,09"
AORTOGRAFIA ABDOMINAL,"189,73"
AORTOGRAFIA TORÁCICA,"170,44"
APARELHO DE AMPLIFICAÇÃO SONORA INDIVIDUAL (AASI) EXTERNO DE CONDUCAO ÓSSEA CONVENCIONAL TIPO A,"500,00"
APARELHO DE AMPLIFICAÇÃO SONORA INDIVIDUAL (AASI) EXTERNO DE CONDUCAO ÓSSEA RETROAURICULAR TIPO,"500,00"
APARELHO DE AMPLIFICAÇÃO SONORA INDIVIDUAL (AASI) EXTERNO INTRA-AURICULAR TIPO A,"525,00"
APARELHO DE AMPLIFICAÇÃO SONORA INDIVIDUAL (AASI) EXTERNO INTRA-AURICULAR TIPO B,"700,00"
APARELHO DE AMPLIFICAÇÃO SONORA INDIVIDUAL (AASI) EXTERNO INTRA-AURICULAR TIPO C,"1.100,00"
APARELHO DE AMPLIFICAÇÃO SONORA INDIVIDUAL (AASI) EXTERNO INTRACANAL TIPO A,"525,00"
APARELHO DE AMPLIFICAÇÃO SONORA INDIVIDUAL (AASI) EXTERNO INTRACANAL TIPO B,"700,00"
APARELHO DE AMPLIFICAÇÃO SONORA INDIVIDUAL (AASI) EXTERNO INTRACANAL TIPO C,"1.100,00"
APARELHO DE AMPLIFICAÇÃO SONORA INDIVIDUAL (AASI) EXTERNO MICROCANAL TIPO A,"525,00"
APARELHO DE AMPLIFICAÇÃO SONORA INDIVIDUAL (AASI) EXTERNO MICROCANAL TIPO B,"700,00"
APARELHO DE AMPLIFICAÇÃO SONORA INDIVIDUAL (AASI) EXTERNO MICROCANAL TIPO C,"1.100,00"
APARELHO DE AMPLIFICAÇÃO SONORA INDIVIDUAL (AASI) EXTERNO RETROAURICULAR TIPO A,"525,00"
APARELHO DE AMPLIFICAÇÃO SONORA INDIVIDUAL (AASI) EXTERNO RETROAURICULAR TIPO B,"700,00"
APARELHO DE AMPLIFICAÇÃO SONORA INDIVIDUAL (AASI) EXTERNO RETROAURICULAR TIPO C,"1.100,00"
APARELHO FIXO BILATERAL PARA FECHAMENTO DE DIASTEMA,"10,00"
APARELHO ORTODÔNTICO FIXO,"175,00"
APARELHO ORTOPÉDICO E ORTODÔNTICO REMOVÍVEL,"60,00"
APARELHO ORTOPÉDICO FIXO,"175,00"
APARELHO P/ BLOQUEIO MAXILO-MANDIBULAR,"23,54"
APENDICECTOMIA,"414,62"
APENDICECTOMIA VIDEOLAPAROSCÓPICA,"421,40"
APICECTOMIA COM OU SEM OBTURAÇÃO RETRÓGRADA,"21,92"
APLICAÇÃO DE CARIOSTÁTICO (POR DENTE),"0,00"
APLICAÇÃO DE FATOR IX DE COAGULAÇÃO,"5,39"
APLICAÇÃO DE FATOR VIII DE COAGULAÇÃO,"5,39"
APLICAÇÃO DE PLACA RADIOATIVA EPISCLERAL,"1.145,16"
APLICAÇÃO DE SELANTE (POR DENTE),"0,00"
APLICAÇÃO DE SUPLEMENTOS DE MICRONUTRIENTES,"0,00"
APLICAÇÃO DE TESTE P/ PSICODIAGNÓSTICO,"2,74"
APLICAÇÃO TÓPICA DE FLUOR (INDIVIDUAL POR SESSAO),"0,00"
APOIO A SERVIÇO RESIDENCIAL DE CARÁTER TRANSITÓRIO POR CENTRO DE ATENCAO PSICOSSOCIAL,"0,00"
APOIO PARA ESTABILIZAÇÃO DA CABEÇA NA CADEIRA DE RODAS,"82,80"
APOIOS LATERAIS DE QUADRIL PARA CADEIRA DE RODAS,"90,50"
APOIOS LATERAIS DO TRONCO EM 3 OU 4 PONTOS,"90,50"
APROFUNDAMENTO DE VESTIBULO ORAL (POR SEXTANTE),"21,92"
APROVAÇÃO DE PROJETOS BÁSICOS DE ARQUITETURA,"0,00"
ARITENOIDECTOMIA COM LARINGOFISSURA,"991,37"
ARRUELA DENTEADA,"41,06"
ARRUELA LISA,"8,05"
ARRUELAS DE TITÂNIO PARA CIRURGIA DA COLUNA,"86,81"
ARTERIOGRAFIA CÉRVICO-TORÁCICA,"201,01"
ARTERIOGRAFIA DE MEMBRO,"179,46"
ARTERIOGRAFIA DIGITAL (POR VIA VENOSA),"200,01"
ARTERIOGRAFIA P/ INVESTIGAÇÃO DE DOENÇA ARTERIOSCLEROTICA AORTO-ILIACA E DISTAL,"504,33"
ARTERIOGRAFIA P/ INVESTIGAÇÃO DE HEMORRAGIA CEREBRAL,"504,43"
ARTERIOGRAFIA P/ INVESTIGAÇÃO DE ISQUEMIA CEREBRAL,"504,43"
ARTERIOGRAFIA PÉLVICA,"170,44"
ARTERIOGRAFIA SELETIVA DE CARÓTIDA,"190,31"
ARTERIOGRAFIA SELETIVA POR CATETER (POR VASO),"201,51"
ARTERIOGRAFIA SELETIVA VERTEBRAL,"201,01"
ARTROCENTESE DE GRANDES ARTICULAÇÕES,"30,69"
ARTROCENTESE DE PEQUENAS ARTICULAÇÕES,"0,00"
ARTRODESE CERVICAL / CÉRVICO TORÁCICA POSTERIOR CINCO NÍVEIS,"2.781,70"
ARTRODESE CERVICAL / CÉRVICO TORÁCICA POSTERIOR QUATRO NÍVEIS,"2.781,70"
ARTRODESE CERVICAL / CÉRVICO-TORÁCICA POSTERIOR DOIS NÍVEIS,"1.303,00"
ARTRODESE CERVICAL / CÉRVICO-TORÁCICA POSTERIOR SEIS NÍVEIS,"1.600,27"
ARTRODESE CERVICAL / CÉRVICO-TORÁCICA POSTERIOR TRÊS NÍVEIS,"2.781,70"
ARTRODESE CERVICAL / CÉRVICO-TORÁCICA POSTERIOR UM NÍVEL,"1.576,00"
ARTRODESE CERVICAL ANTERIOR C1-C2 VIA TRANS-ORAL / EXTRA-ORAL,"1.719,06"
ARTRODESE CERVICAL ANTERIOR CINCO NÍVEIS,"2.781,70"
ARTRODESE CERVICAL ANTERIOR DOIS NÍVEIS,"1.413,00"
ARTRODESE CERVICAL ANTERIOR QUATRO NÍVEIS,"2.781,70"
ARTRODESE CERVICAL ANTERIOR TRÊS NÍVEIS,"2.072,72"
ARTRODESE CERVICAL ANTERIOR UM NÍVEL,"1.413,00"
ARTRODESE CERVICAL POSTERIOR C1-C2,"1.303,15"
ARTRODESE COXOFEMORAL,"1.635,28"
ARTRODESE DA SÍNFISE PÚBICA,"784,95"
ARTRODESE DE ARTICULAÇÕES SACROILIACAS,"784,95"
ARTRODESE DE GRANDES ARTICULAÇÕES ESCAPULO-TORÁCICAS,"354,91"
ARTRODESE DE GRANDES ARTICULAÇÕES ESCAPULO-UMERAIS,"377,40"
ARTRODESE DE MEDIAS / GRANDES ARTICULAÇÕES DE MEMBRO INFERIOR,"371,12"
ARTRODESE DE MEDIAS / GRANDES ARTICULAÇÕES DE MEMBRO SUPERIOR,"230,37"
ARTRODESE DE PEQUENAS ARTICULAÇÕES,"213,79"
ARTRODESE INTERSOMATICA VIA POSTERIOR / POSTERO-LATERAL DOIS NÍVEIS,"2.166,29"
ARTRODESE INTERSOMATICA VIA POSTERIOR / POSTERO-LATERAL QUATRO NÍVEIS,"2.166,29"
ARTRODESE INTERSOMATICA VIA POSTERIOR / POSTERO-LATERAL TRÊS NÍVEIS,"2.166,29"
ARTRODESE INTERSOMATICA VIA POSTERIOR / POSTERO-LATERAL UM NÍVEL,"1.883,27"
ARTRODESE OCCIPTO-CERVICAL (C2) POSTERIOR,"1.554,00"
ARTRODESE OCCIPTO-CERVICAL (C3)POSTERIOR,"1.554,00"
ARTRODESE OCCIPTO-CERVICAL (C4)POSTERIOR,"1.554,00"
ARTRODESE OCCIPTO-CERVICAL (C5) POSTERIOR,"1.554,00"
ARTRODESE OCCIPTO-CERVICAL (C6)POSTERIOR,"1.554,00"
ARTRODESE OCCIPTO-CERVICAL (C7) POSTERIOR,"1.554,00"
ARTRODESE TORACO-LOMBO-SACRA ANTERIOR DOIS NÍVEIS,"1.720,27"
ARTRODESE TORACO-LOMBO-SACRA ANTERIOR UM NÍVEL,"1.722,29"
"ARTRODESE TORACO-LOMBO-SACRA ANTERIOR, TRÊS NÍVEIS,","2.781,70"
ARTRODESE TORACO-LOMBO-SACRA POSTERIOR CINCO NÍVEIS,"2.781,70"
ARTRODESE TORACO-LOMBO-SACRA POSTERIOR TRÊS NÍVEIS,"2.781,70"
ARTRODESE TORACO-LOMBO-SACRA POSTERIOR UM NÍVEL,"1.722,37"
"ARTRODESE TORACO-LOMBO-SACRA POSTERIOR, DOIS NÍVEIS,","2.781,70"
"ARTRODESE TORACO-LOMBO-SACRA POSTERIOR, QUATRO NÍVEIS,","2.781,70"
"ARTRODESE TORACO-LOMBO-SACRA POSTERIOR, SEIS NÍVEIS,","2.781,70"
"ARTRODESE TORACO-LOMBO-SACRA POSTERIOR, SETE NÍVEIS,","2.781,70"
ARTROGRAFIA,"45,34"
ARTROPLASTIA DA ARTICULAÇÃO TEMPORO-MANDIBULAR (RECIDIVANTE OU NÃO),"363,33"
ARTROPLASTIA DE ARTICULAÇÃO DA MÃO,"316,48"
ARTROPLASTIA DE CABECA DO RADIO,"282,66"
ARTROPLASTIA DE JOELHO (NÃO CONVENCIONAL),"1.602,18"
ARTROPLASTIA DE PUNHO,"246,43"
ARTROPLASTIA DE QUADRIL (NÃO CONVENCIONAL),"1.635,27"
ARTROPLASTIA DE RESSECCAO DE MEDIA / GRANDE ARTICULAÇÃO,"1.104,38"
ARTROPLASTIA DE RESSECCAO DE PEQUENAS ARTICULAÇÕES,"268,41"
ARTROPLASTIA DE REVISÃO OU RECONSTRUÇÃO DO QUADRIL,"1.678,87"
ARTROPLASTIA ESCAPULO-UMERAL (NÃO CONVENCIONAL),"592,14"
ARTROPLASTIA ESCAPULO-UMERAL PARCIAL,"613,35"
ARTROPLASTIA ESCAPULO-UMERAL TOTAL,"592,14"
ARTROPLASTIA ESCAPULO-UMERAL TOTAL - REVISÃO / RECONSTRUÇÃO,"597,80"
ARTROPLASTIA PARCIAL DE QUADRIL,"1.570,66"
ARTROPLASTIA TOTAL DE CONVERSÃO DO QUADRIL,"1.916,09"
ARTROPLASTIA TOTAL DE COTOVELO,"494,93"
ARTROPLASTIA TOTAL DE COTOVELO (REVISÃO / RECONSTRUÇÃO),"402,58"
ARTROPLASTIA TOTAL DE JOELHO - REVISÃO / RECONSTRUÇÃO,"1.541,34"
ARTROPLASTIA TOTAL PRIMARIA DO JOELHO,"1.154,84"
ARTROPLASTIA TOTAL PRIMARIA DO QUADRIL CIMENTADA,"1.635,27"
ARTROPLASTIA TOTAL PRIMARIA DO QUADRIL NÃO CIMENTADA / HIBRIDA,"1.214,72"
ARTROPLASTIA UNICOMPARTIMENTAL PRIMARIA DO JOELHO,"1.154,84"
ASSISTÊNCIA AO PARTO SEM DISTOCIA,"0,00"
ASSISTÊNCIA DOMICILIAR POR EQUIPE MULTIPROFISSIONAL NA ATENÇÃO ESPECIALIZADA,"18,29"
ASSISTÊNCIA DOMICILIAR POR EQUIPE MULTIPROFISSIONAL.,"0,00"
ASSISTÊNCIA DOMICILIAR POR PROFISSIONAL DE NÍVEL MEDIO,"0,00"
ASSISTÊNCIA DOMICILIAR TERAPEUTICA MULTIPROFISSIONAL EM HIV/AIDS (ADTM),"18,29"
ATENÇÃO ÀS SITUAÇÕES DE CRISE,"0,00"
ATENDIMENTO / ACOMPANHAMENTO DE PACIENTE EM REABILITAÇÃO DO DESENVOLVIMENTO NEUROPSICOMOTOR,"17,67"
ATENDIMENTO / ACOMPANHAMENTO EM REABILITAÇÃO NAS MULTIPLAS DEFICIÊNCIAS,"7,71"
ATENDIMENTO A DENÚNCIAS/RECLAMAÇÕES,"0,00"
ATENDIMENTO A PACIENTE SOB CUIDADOS PROLONGADOS DEVIDO A CAUSAS EXTERNAS,"66,47"
ATENDIMENTO A PACIENTE SOB CUIDADOS PROLONGADOS POR ENFERMIDADES CARDIOVASCULARES,"74,75"
ATENDIMENTO A PACIENTE SOB CUIDADOS PROLONGADOS POR ENFERMIDADES PNEUMOLOGICAS,"73,72"
ATENDIMENTO AO RECÉM-NASCIDO NO MOMENTO DO NASCIMENTO,"55,20"
ATENDIMENTO CLÍNICO PARA INDICACAO E FORNECIMENTO DO DIAFRAGMA UTERINO,"0,00"
ATENDIMENTO DE ADOLESCENTES EM CUMPRIMENTO DE MEDIDAS SOCIOEDUCATIVAS,"0,00"
ATENDIMENTO DE PACIENTE EM CUIDADOS PALIATIVOS,"0,00"
ATENDIMENTO DE URGÊNCIA C/ OBSERVAÇÃO ATE 24 HORAS EM ATENÇÃO ESPECIALIZADA,"12,47"
ATENDIMENTO DE URGÊNCIA EM ATENÇÃO BÁSICA,"0,00"
ATENDIMENTO DE URGÊNCIA EM ATENÇÃO ESPECIALIZADA,"11,00"
ATENDIMENTO DE URGÊNCIA EM ATENÇÃO PRIMÁRIA COM OBSERVAÇÃO ATE 8 HORAS,"0,00"
ATENDIMENTO DE URGÊNCIA EM ATENÇÃO PRIMÁRIA COM REMOÇÃO,"0,00"
ATENDIMENTO DE URGÊNCIA EM MEDIO E GRANDE QUEIMADO,"279,96"
ATENDIMENTO DE URGÊNCIA EM PEQUENO QUEIMADO,"0,00"
ATENDIMENTO DOMICILIAR PARA PACIENTES DE CENTRO DE ATENÇÃO PSICOSSOCIAL E/OU FAMILIARES,"0,00"
ATENDIMENTO EM GERIATRIA (1 TURNO),"21,98"
ATENDIMENTO EM GERIATRIA (2 TURNOS),"25,03"
ATENDIMENTO EM GRUPO DE PACIENTE EM CENTRO DE ATENÇÃO PSICOSSOCIAL,"0,00"
ATENDIMENTO EM GRUPO NA ATENÇÃO PRIMARIA,"0,00"
ATENDIMENTO EM OFICINA TERAPÊUTICA I - SAUDE MENTAL,"6,11"
ATENDIMENTO EM OFICINA TERAPÊUTICA I PARA PORTADOR DE NECESSIDADES ESPECIAIS (POR OFICINA),"6,66"
ATENDIMENTO EM OFICINA TERAPÊUTICA II - SAUDE MENTAL,"23,16"
ATENDIMENTO EM OFICINA TERAPÊUTICA II PARA PORTADOR DE NECESSIDADES ESPECIAIS (POR OFICINA),"25,24"
ATENDIMENTO EM PSICOTERAPIA DE GRUPO,"5,59"
ATENDIMENTO FAMILIAR EM CENTRO DE ATENÇÃO PSICOSSOCIAL,"0,00"
ATENDIMENTO FISIOTERAPÊUTICO DE PACIENTE COM CUIDADOS PALIATIVOS,"6,35"
ATENDIMENTO FISIOTERAPÊUTICO EM PACIENTE C/ COMPROMETIMENTO COGNITIVO,"6,35"
ATENDIMENTO FISIOTERAPÊUTICO EM PACIENTE COM ALTERAÇÕES OCULOMOTORAS PERIFÉRICAS,"4,67"
ATENDIMENTO FISIOTERAPÊUTICO EM PACIENTE COM SEQUELAS POR QUEIMADURAS (MÉDIO E GRANDE QUEIMADO "4,67"
ATENDIMENTO FISIOTERAPEUTICO EM PACIENTE COM TRANSTORNO CLÍNICO CARDIOVASCULAR,"4,67"
ATENDIMENTO FISIOTERAPÊUTICO EM PACIENTE COM TRANSTORNO RESPIRATÓRIO COM COMPLICAÇÕES SISTÊMICAS,"6,35"
ATENDIMENTO FISIOTERAPEUTICO EM PACIENTE COM TRANSTORNO RESPIRATÓRIO SEM COMPLICAÇÕES SISTÊMICAS,"4,67"
ATENDIMENTO FISIOTERAPÊUTICO EM PACIENTE GRANDE QUEIMADO,"6,35"
ATENDIMENTO FISIOTERAPÊUTICO EM PACIENTE MEDIO QUEIMADO,"4,67"
ATENDIMENTO FISIOTERAPÊUTICO EM PACIENTE NEONATO,"6,35"
ATENDIMENTO FISIOTERAPÊUTICO EM PACIENTE NO PRÉ E PÓS CIRURGIA ONCOLÓGICA,"6,35"
ATENDIMENTO FISIOTERAPÊUTICO EM PACIENTE NO PRÉ/PÓS CIRURGIAS UROGINECOLÓGICAS,"6,35"
ATENDIMENTO FISIOTERAPÊUTICO EM PACIENTE NO PRÉ/PÓS-OPERATÓRIO DE NEUROCIRURGIA,"6,35"
ATENDIMENTO FISIOTERAPÊUTICO EM PACIENTE ONCOLÓGICO CLÍNICO,"4,67"
ATENDIMENTO FISIOTERAPÊUTICO EM PACIENTE PRÉ/PÓS CIRURGIA CARDIOVASCULAR,"6,35"
ATENDIMENTO FISIOTERAPÊUTICO EM PACIENTES C/ DISFUNÇÕES UROGINECOLÓGICAS,"4,67"
ATENDIMENTO FISIOTERAPÊUTICO EM PACIENTES COM ALTERAÇÕES OCULOMOTORAS CENTRAIS C/ COMPROMETI,"6,35"
ATENDIMENTO FISIOTERAPÊUTICO EM PACIENTES COM DISTÚRBIOS NEURO-CINÉTICO-FUNCIONAIS COM COMPLICA,"6,35"
ATENDIMENTO FISIOTERAPÊUTICO EM PACIENTES COM DISTÚRBIOS NEURO-CINÉTICO-FUNCIONAIS SEM COMPLICA,"4,67"
ATENDIMENTO FISIOTERAPÊUTICO EM PACIENTES NO PRÉ E PÓS-OPERATÓRIO NAS DISFUNÇÕES MUSCULO ESQU,"E 6,35"
ATENDIMENTO FISIOTERAPÊUTICO NAS ALTERAÇÕES MOTORAS,"4,67"
ATENDIMENTO FISIOTERAPÊUTICO NAS DESORDENS DO DESENVOLVIMENTO NEURO MOTOR,"4,67"
ATENDIMENTO FISIOTERAPÊUTICO NAS DISFUNÇÕES VASCULARES PERIFÉRICAS,"4,67"
ATENDIMENTO INDIVIDUAL DE PACIENTE EM CENTRO DE ATENÇÃO PSICOSSOCIAL,"0,00"
ATENDIMENTO INDIVIDUAL EM PSICOTERAPIA,"2,55"
ATENDIMENTO MÉDICO COM FINALIDADE DE ATESTAR ÓBITO,"0,00"
ATENDIMENTO MÉDICO EM UNIDADE DE PRONTO ATENDIMENTO,"11,00"
ATENDIMENTO MULTIPROFISSIONAL PARA ATENÇÃO ÀS PESSOAS EM SITUAÇÃO DE VIOLÊNCIA SEXUAL,"100,00"
ATENDIMENTO ORTOPÉDICO COM IMOBILIZAÇÃO PROVISÓRIA,"13,00"
ATENDIMENTO PRE-HOSPITALAR MOVEL - SAMU 192: SUPORTE AVANÇADO DE VIDA REALIZADO POR EMBARCAÇÃO,"0,00"
ATENDIMENTO PRÉ-HOSPITALAR MÓVEL (MOTOLÂNCIA),"0,00"
ATENDIMENTO PRE-HOSPITALAR MOVEL (VEÍCULO DE INTERVENÇÃO RÁPIDA),"0,00"
ATENDIMENTO PRE-HOSPITALAR MÓVEL DE SALVAMENTO E RESGATE,"19,81"
ATENDIMENTO PRE-HOSPITALAR MÓVEL DE SALVAMENTO E RESGATE MEDICALIZADO,"29,73"
ATENDIMENTO PRE-HOSPITALAR MÓVEL PELO SAMU 192: SALVAMENTO E RESGATE (AMBULÂNCIA TIPO C),"0,00"
ATENDIMENTO/ACOMPANHAMENTO EM REABILITAÇÃO VISUAL,"12,00"
ATENDIMENTO/ACOMPANHAMENTO INTENSIVO DE PACIENTE EM REABILITAÇÃO FISICA (1 TURNO PACIENTE-DIA - 15,"17,55"
ATIVIDADE EDUCATIVA / ORIENTAÇÃO EM GRUPO NA ATENÇÃO ESPECIALIZADA,"2,70"
ATIVIDADE EDUCATIVA / ORIENTAÇÃO EM GRUPO NA ATENÇÃO PRIMÁRIA,"0,00"
ATIVIDADE EDUCATIVA EM SAÚDE DO TRABALHADOR,"0,00"
ATIVIDADE EDUCATIVA PARA A POPULAÇÃO,"0,00"
ATIVIDADES EDUCATIVAS PARA O SETOR REGULADO,"0,00"
"ATIVIDADES EDUCATIVAS SOBRE A TEMÁTICA DA DENGUE,REALIZADAS PARA A POPULAÇÃO","0,00"
"ATIVIDADES EDUCATIVAS,COM RELAÇÃO AO CONSUMO DE SÓDIO, AÇÚCAR E GORDURAS, REALIZADAS PARA O SET","0,00"
ATORVASTATINA 10 MG (POR COMPRIMIDO),"0,00"
ATORVASTATINA 20 MG (POR COMPRIMIDO),"0,00"
ATORVASTATINA 40 MG (POR COMPRIMIDO),"0,00"
ATRIOSEPTOSTOMIA COM CATETER BALÃO,"1.058,86"
ÁUDIO PROCESSADOR DA PRÓTESE AUDITIVA ANCORADA NO OSSO,"15.007,50"
AUDIOMETRIA DE REFORCO VISUAL (VIA AEREA / OSSEA),"21,00"
AUDIOMETRIA EM CAMPO LIVRE,"20,13"
AUDIOMETRIA TONAL LIMIAR (VIA AEREA / OSSEA),"21,00"
AUDITORIAS INTERNAS REALIZADAS NO DEPARTAMENTO RESPONSÁVEL PELAS ATIVIDADES DE INSPEÇÃO DE ESTA,"0,00"
AUDITORIAS INTERNAS REALIZADAS NO DEPARTAMENTO RESPONSÁVEL PELAS ATIVIDADES DE INSPEÇÃO DE ESTA,"0,00"
AUDITORIAS INTERNAS REALIZADAS NO DEPARTAMENTO RESPONSÁVEL PELAS ATIVIDADES DE INSPEÇÃO DE ESTA,"0,00"
AUTONOMIZAÇÃO DE RETALHO,"31,28"
AUTO-PROVA CRUZADA EM RECEPTOR DE RIM (AUTO CROSS-MATCH),"45,51"
AVALIAÇÃO ANTROPOMÉTRICA,"0,00"
AVALIACAO AUDITIVA COMPORTAMENTAL,"18,00"
AVALIACAO CINEMATICA E DE PARAMETROS LINEARES,"1,26"
"AVALIACAO CINETICA, CINEMATICA E DE PARAMETROS LINEARES","1,26"
AVALIACAO CLINICA DE DIAGNOSTICO DE DOENÇAS RARAS EIXO I: 3 - ERROS INATOS DE METABOLISMO,"600,00"
AVALIACAO CLINICA DE MORTE ENCEFÁLICA EM MAIOR DE 2 ANOS,"215,00"
AVALIACAO CLINICA DE MORTE ENCEFÁLICA EM MENOR DE 2 ANOS,"275,00"
AVALIAÇÃO CLÍNICA E ELETRÔNICA DE DISPOSITIVO ELÉTRICO CARDÍACO IMPLANTÁVEL,"31,50"
AVALIAÇÃO CLÍNICA PARA DIAGNÓSTICO DE DOENÇAS RARAS - EIXO I: 1-ANOMALIAS CONGÊNITAS OU DE MANIFEST,"800,00"
AVALIAÇÃO CLÍNICA PARA DIAGNÓSTICO DE DOENÇAS RARAS - EIXO I: 2- DEFICIENCIA INTELECTUAL,"800,00"
AVALIAÇÃO DE EQUILIBRIO ESTATICO EM PLACA DE FORCA,"1,26"
AVALIAÇÃO DE FUNÇÃO E MECÂNICA RESPIRATÓRIA,"10,00"
AVALIAÇÃO DE FUNÇÃO E MECÂNICA RESPIRATÓRIA COM TRANSDUTORES MICROPROCESSADOS,"10,00"
AVALIAÇÃO DE LINGUAGEM ESCRITA / LEITURA,"4,11"
AVALIAÇÃO DE LINGUAGEM ORAL,"4,11"
AVALIAÇÃO DE MARCAPASSO,"0,00"
AVALIAÇÃO DE MOVIMENTO (POR IMAGEM),"1,26"
AVALIAÇÃO DE REATIVIDADE CONTRA PAINEL-CLASSE I OU CLASSE II (MÍNIMO 30 LINFÓCITOS),"180,00"
AVALIAÇÃO DE REATIVIDADE DO RECEPTOR CONTRA PAINEL DE CLASSE I OU CLASSE II (MÍNIMO 30 LINFÓCITOS),"180,00"
AVALIAÇÃO DO CRESCIMENTO NA PUERICULTURA,"0,00"
AVALIAÇÃO DO DESENVOLVIMENTO DA CRIANÇA NA PUERICULTURA,"0,00"
AVALIAÇÃO DO ESTÁGIO DE MATURAÇÃO SEXUAL,"0,00"
AVALIAÇÃO DO POSSÍVEL DOADOR FALECIDO DE ORGÃOS OU TECIDOS PARA TRANSPLANTES,"215,00"
AVALIAÇÃO E SELEÇÃO PRÉ-CIRÚRGICA PARA IMPLANTE COCLEAR,"46,56"
AVALIAÇÃO E SELEÇÃO PRÉ-CIRÚRGICA PARA PRÓTESE AUDITIVA ANCORADA NO OSSO,"46,56"
AVALIAÇÃO FUNCIONAL MUSCULAR,"1,26"
AVALIAÇÃO MIOFUNCIONAL DE SISTEMA ESTOMATOGNÁTICO,"4,11"
AVALIAÇÃO MULTIDIMENSIONAL DA PESSOA IDOSA,"0,00"
AVALIAÇÃO MULTIPROFISSIONAL EM DEFICIÊNCIA VISUAL,"24,68"
AVALIAÇÃO P/ DIAGNÓSTICO DE DEFICIENCIA AUDITIVA,"24,75"
AVALIAÇÃO P/ DIAGNÓSTICO DIFERENCIAL DE DEFICIENCIA AUDITIVA,"46,56"
AVALIAÇÃO URODINÂMICA COMPLETA,"7,62"
AVALIAÇÃO VOCAL,"4,11"
AZATIOPRINA 50 MG (POR COMPRIMIDO),"0,00"
BACILOSCOPIA DIRETA P/ BAAR (HANSENIASE),"4,20"
BACILOSCOPIA DIRETA P/ BAAR TUBERCULOS (CONTROLE),"4,20"
BACILOSCOPIA DIRETA P/ BAAR TUBERCULOSE (DIAGNOSTICA),"4,20"
BACTERIOSCOPIA (GRAM),"2,80"
BAINHA P/ PUNÇÃO TRANSEPTAL,"324,51"
BALÃO DESTACÁVEL,"788,56"
BANDAGEM DA ARTERIA PULMONAR,"5.629,58"
BANDAGEM DA ARTERIA PULMONAR (CRIANÇA E ADOLESCENTE),"12.246,65"
BARRA SACRAL,"70,00"
BARREIRAS PROTETORAS DE PELE SINTÉTICA E/OU MISTA EM FORMA DE PO / PASTA E/OU PLACA,"17,50"
